DAY_OF_MONTH,DAY_OF_WEEK,OP_UNIQUE_CARRIER,OP_CARRIER_AIRLINE_ID,OP_CARRIER,TAIL_NUM,OP_CARRIER_FL_NUM,ORIGIN_AIRPORT_ID,ORIGIN_AIRPORT_SEQ_ID,ORIGIN,DEST_AIRPORT_ID,DEST_AIRPORT_SEQ_ID,DEST,DEP_TIME,DEP_DEL15,DEP_TIME_BLK,ARR_TIME,ARR_DEL15,CANCELLED,DIVERTED,DISTANCE
1,2,9E,20363,9E,N8688C,3280,11953,1195302,GNV,10397,1039707,ATL,601,0,0600-0659,722,0,0,0,300
1,2,9E,20363,9E,N348PQ,3281,13487,1348702,MSP,11193,1119302,CVG,1359,0,1400-1459,1633,0,0,0,596
1,2,9E,20363,9E,N8896A,3282,11433,1143302,DTW,11193,1119302,CVG,1215,0,1200-1259,1329,0,0,0,229
1,2,9E,20363,9E,N8886A,3283,15249,1524906,TLH,10397,1039707,ATL,1521,0,1500-1559,1625,0,0,0,223
1,2,9E,20363,9E,N8974C,3284,10397,1039707,ATL,11778,1177801,FSM,1847,0,1900-1959,1940,0,0,0,579
1,2,9E,20363,9E,N927EV,3285,11267,1126702,DAY,13487,1348702,MSP,853,0,0900-0959,953,0,0,0,574
1,2,9E,20363,9E,N915XJ,3286,12448,1244807,JAN,10397,1039707,ATL,1553,0,1500-1559,1832,0,0,0,341
1,2,9E,20363,9E,N295PQ,3287,12953,1295304,LGA,11193,1119302,CVG,1551,0,1500-1559,1824,0,0,0,585
1,2,9E,20363,9E,N337PQ,3288,12451,1245102,JAX,12953,1295304,LGA,1037,0,1000-1059,1239,0,0,0,833
1,2,9E,20363,9E,N311PQ,3289,10397,1039707,ATL,10685,1068502,BMI,1245,0,1200-1259,1318,0,0,0,533
1,2,9E,20363,9E,N311PQ,3289,10685,1068502,BMI,10397,1039707,ATL,1410,0,1400-1459,1700,0,0,0,533
1,2,9E,20363,9E,N931XJ,3290,10874,1087402,CAK,10397,1039707,ATL,557,0,0600-0659,737,0,0,0,528
1,2,9E,20363,9E,N800AY,3291,11433,1143302,DTW,11267,1126702,DAY,1552,0,1500-1559,1738,1,0,0,166
1,2,9E,20363,9E,N927EV,3292,13487,1348702,MSP,11267,1126702,DAY,2029,0,2000-2059,2259,0,0,0,574
1,2,9E,20363,9E,N600LR,3293,14100,1410005,PHL,11433,1143302,DTW,1312,0,1300-1359,1454,0,0,0,453
1,2,9E,20363,9E,N840AY,3294,12478,1247805,JFK,14524,1452401,RIC,1450,0,1400-1459,1637,0,0,0,288
1,2,9E,20363,9E,N232PQ,3295,11433,1143302,DTW,11618,1161802,EWR,1353,1,1200-1259,1521,1,0,0,488
1,2,9E,20363,9E,N8970D,3296,10208,1020803,AGS,10397,1039707,ATL,1148,0,1100-1159,1236,0,0,0,143
1,2,9E,20363,9E,N8970D,3296,10397,1039707,ATL,10208,1020803,AGS,1020,0,1000-1059,1111,0,0,0,143
1,2,9E,20363,9E,N304PQ,3297,11433,1143302,DTW,11193,1119302,CVG,817,0,0800-0859,932,0,0,0,229
1,2,9E,20363,9E,N931XJ,3298,12992,1299206,LIT,10397,1039707,ATL,1523,0,1500-1559,1748,0,0,0,453
1,2,9E,20363,9E,N902XJ,3299,12339,1233904,IND,13487,1348702,MSP,1111,0,1100-1159,1157,0,0,0,503
1,2,9E,20363,9E,N349PQ,3300,10397,1039707,ATL,13795,1379502,OAJ,2216,0,2200-2259,16,1,0,0,399
1,2,9E,20363,9E,N8928A,3301,10397,1039707,ATL,11953,1195302,GNV,1554,0,1600-1659,1713,0,0,0,300
1,2,9E,20363,9E,N8928A,3301,11953,1195302,GNV,10397,1039707,ATL,1740,0,1700-1759,1903,0,0,0,300
1,2,9E,20363,9E,N371CA,3302,10397,1039707,ATL,11624,1162402,EYW,1101,0,1100-1159,1300,0,0,0,646
1,2,9E,20363,9E,N371CA,3302,11624,1162402,EYW,10397,1039707,ATL,1332,0,1300-1359,1532,0,0,0,646
1,2,9E,20363,9E,N8836A,3303,13487,1348702,MSP,11203,1120302,CWA,1349,0,1300-1359,1442,0,0,0,175
1,2,9E,20363,9E,N918XJ,3304,10868,1086803,CAE,10397,1039707,ATL,807,0,0800-0859,914,0,0,0,192
1,2,9E,20363,9E,N8896A,3305,11203,1120302,CWA,11433,1143302,DTW,834,0,0800-0859,1111,0,0,0,363
1,2,9E,20363,9E,N8908D,3306,10208,1020803,AGS,10397,1039707,ATL,1637,0,1600-1659,1728,0,0,0,143
1,2,9E,20363,9E,N8908D,3306,10397,1039707,ATL,10208,1020803,AGS,1516,0,1500-1559,1605,0,0,0,143
1,2,9E,20363,9E,N602LR,3307,10397,1039707,ATL,10868,1086803,CAE,1242,0,1200-1259,1338,0,0,0,192
1,2,9E,20363,9E,N8908D,3308,10397,1039707,ATL,13277,1327702,MGM,1957,0,2000-2059,1950,0,0,0,147
1,2,9E,20363,9E,N181PQ,3309,15323,1532305,TRI,10397,1039707,ATL,1136,0,1100-1159,1252,0,0,0,227
1,2,9E,20363,9E,N301PQ,3310,10721,1072102,BOS,10693,1069302,BNA,1739,0,1700-1759,1951,0,0,0,942
1,2,9E,20363,9E,N131EV,3311,10397,1039707,ATL,13029,1302902,LNK,2111,0,2100-2159,2246,0,0,0,841
1,2,9E,20363,9E,N923XJ,3312,10397,1039707,ATL,10208,1020803,AGS,2230,0,2200-2259,2325,0,0,0,143
1,2,9E,20363,9E,N8694A,3313,13277,1327702,MGM,10397,1039707,ATL,653,0,0700-0759,853,0,0,0,147
1,2,9E,20363,9E,N819AY,3314,13230,1323002,MDT,11433,1143302,DTW,1305,0,1300-1359,1442,0,0,0,371
1,2,9E,20363,9E,N676CA,3315,13342,1334207,MKE,13487,1348702,MSP,1518,0,1500-1559,1636,0,0,0,297
1,2,9E,20363,9E,N917XJ,3316,11433,1143302,DTW,15380,1538005,TVC,1542,0,1500-1559,1715,0,0,0,207
1,2,9E,20363,9E,N917XJ,3316,15380,1538005,TVC,11433,1143302,DTW,1755,0,1700-1759,1908,0,0,0,207
1,2,9E,20363,9E,N832AY,3317,11778,1177801,FSM,10397,1039707,ATL,1550,0,1500-1559,1859,1,0,0,579
1,2,9E,20363,9E,N8928A,3318,10397,1039707,ATL,14108,1410803,PIA,2009,0,2000-2059,2049,0,0,0,565
1,2,9E,20363,9E,N135EV,3320,10397,1039707,ATL,10599,1059904,BHM,854,0,0800-0859,854,0,0,0,134
1,2,9E,20363,9E,N147PQ,3320,10599,1059904,BHM,10397,1039707,ATL,931,0,0900-0959,1134,0,0,0,134
1,2,9E,20363,9E,N8839E,3321,11433,1143302,DTW,10434,1043405,AVP,1234,0,1200-1259,1345,0,0,0,399
1,2,9E,20363,9E,N932XJ,3322,11433,1143302,DTW,12884,1288403,LAN,2036,0,2000-2059,2233,1,0,0,74
1,2,9E,20363,9E,N920XJ,3323,10397,1039707,ATL,15412,1541205,TYS,2210,0,2200-2259,2252,0,0,0,152
1,2,9E,20363,9E,N294PQ,3324,12953,1295304,LGA,14122,1412202,PIT,1755,0,1800-1859,1927,0,0,0,335
1,2,9E,20363,9E,N341PQ,3325,12953,1295304,LGA,12451,1245102,JAX,1627,0,1600-1659,1913,0,0,0,833
1,2,9E,20363,9E,N200PQ,3326,12448,1244807,JAN,10397,1039707,ATL,727,0,0700-0759,1003,0,0,0,341
1,2,9E,20363,9E,N835AY,3327,10397,1039707,ATL,14108,1410803,PIA,1206,0,1200-1259,1246,0,0,0,565
1,2,9E,20363,9E,N835AY,3327,14108,1410803,PIA,10397,1039707,ATL,1353,0,1400-1459,1651,0,0,0,565
1,2,9E,20363,9E,N905XJ,3328,11193,1119302,CVG,13487,1348702,MSP,817,1,0700-0759,900,1,0,0,596
1,2,9E,20363,9E,N8946A,3329,10397,1039707,ATL,12007,1200704,GTR,1617,0,1600-1659,1621,0,0,0,241
1,2,9E,20363,9E,N8908D,3330,12007,1200704,GTR,10397,1039707,ATL,636,0,0600-0659,850,0,0,0,241
1,2,9E,20363,9E,N936XJ,3331,14730,1473003,SDF,13487,1348702,MSP,1729,0,1700-1759,1829,0,0,0,604
1,2,9E,20363,9E,N605LR,3332,10397,1039707,ATL,10868,1086803,CAE,907,0,0900-0959,958,0,0,0,192
1,2,9E,20363,9E,N605LR,3332,10868,1086803,CAE,10397,1039707,ATL,1049,0,1000-1059,1150,0,0,0,192
1,2,9E,20363,9E,N301PQ,3333,10693,1069302,BNA,10721,1072102,BOS,2034,0,2000-2059,2343,0,0,0,942
1,2,9E,20363,9E,N907XJ,3334,14683,1468305,SAT,13487,1348702,MSP,744,0,0700-0759,1010,0,0,0,1097
1,2,9E,20363,9E,N904XJ,3335,12951,1295106,LFT,10397,1039707,ATL,553,0,0600-0659,827,0,0,0,503
1,2,9E,20363,9E,N8694A,3337,10397,1039707,ATL,15412,1541205,TYS,1742,0,1700-1759,1832,0,0,0,152
1,2,9E,20363,9E,N820AY,3338,10397,1039707,ATL,13277,1327702,MGM,1021,0,1000-1059,1014,0,0,0,147
1,2,9E,20363,9E,N833AY,3338,13277,1327702,MGM,10397,1039707,ATL,1411,1,1100-1159,1558,1,0,0,147
1,2,9E,20363,9E,N902XJ,3339,13485,1348502,MSN,13487,1348702,MSP,1518,0,1500-1559,1626,0,0,0,228
1,2,9E,20363,9E,N902XJ,3339,13487,1348702,MSP,13485,1348502,MSN,1325,0,1300-1359,1418,0,0,0,228
1,2,9E,20363,9E,N324PQ,3340,11433,1143302,DTW,12478,1247805,JFK,2006,0,2000-2059,2224,1,0,0,509
1,2,9E,20363,9E,N903XJ,3341,11423,1142307,DSM,13487,1348702,MSP,1715,0,1700-1759,1816,0,0,0,232
1,2,9E,20363,9E,N903XJ,3341,13487,1348702,MSP,11423,1142307,DSM,1514,0,1500-1559,1617,0,0,0,232
1,2,9E,20363,9E,N8775A,3342,11433,1143302,DTW,11612,1161206,EVV,1530,0,1500-1559,1629,0,0,0,363
1,2,9E,20363,9E,N176PQ,3343,10397,1039707,ATL,13230,1323002,MDT,936,0,0900-0959,1116,0,0,0,620
1,2,9E,20363,9E,N176PQ,3343,13230,1323002,MDT,10397,1039707,ATL,1156,0,1200-1259,1359,0,0,0,620
1,2,9E,20363,9E,N905XJ,3344,13487,1348702,MSP,13871,1387102,OMA,939,1,0800-0859,1043,0,0,0,282
1,2,9E,20363,9E,N8839E,3346,11612,1161206,EVV,11433,1143302,DTW,824,0,0800-0859,1035,0,0,0,363
1,2,9E,20363,9E,N8936A,3347,11193,1119302,CVG,11433,1143302,DTW,1014,0,1000-1059,1116,0,0,0,229
1,2,9E,20363,9E,N606LR,3348,10397,1039707,ATL,10431,1043105,AVL,912,0,0900-0959,1005,0,0,0,164
1,2,9E,20363,9E,N153PQ,3349,10208,1020803,AGS,10397,1039707,ATL,601,0,0600-0659,704,0,0,0,143
1,2,9E,20363,9E,N311PQ,3350,10135,1013505,ABE,10397,1039707,ATL,557,0,0600-0659,819,0,0,0,692
1,2,9E,20363,9E,N8877A,3351,10397,1039707,ATL,14814,1481402,SHV,1621,0,1600-1659,1706,0,0,0,551
1,2,9E,20363,9E,N925XJ,3353,11278,1127805,DCA,12478,1247805,JFK,1651,0,1700-1759,1831,0,0,0,213
1,2,9E,20363,9E,N981EV,3354,10821,1082106,BWI,12478,1247805,JFK,1835,0,1800-1859,1952,0,0,0,184
1,2,9E,20363,9E,N833AY,3355,10397,1039707,ATL,12323,1232305,ILM,1701,1,1600-1659,1814,0,0,0,377
1,2,9E,20363,9E,N833AY,3355,12323,1232305,ILM,10397,1039707,ATL,1840,0,1800-1859,2010,0,0,0,377
1,2,9E,20363,9E,N835AY,3356,15412,1541205,TYS,10397,1039707,ATL,830,0,0800-0859,940,0,0,0,152
1,2,9E,20363,9E,N832AY,3357,10397,1039707,ATL,11617,1161708,EWN,1952,0,1900-1959,2115,0,0,0,433
1,2,9E,20363,9E,N934XJ,3358,12451,1245102,JAX,12953,1295304,LGA,1454,0,1500-1559,1700,0,0,0,833
1,2,9E,20363,9E,N905XJ,3359,13487,1348702,MSP,12003,1200305,GTF,1936,0,1900-1959,2049,0,0,0,887
1,2,9E,20363,9E,N601LR,3360,11203,1120302,CWA,13487,1348702,MSP,651,0,0600-0659,743,0,0,0,175
1,2,9E,20363,9E,N336PQ,3361,13487,1348702,MSP,14492,1449202,RDU,1116,0,1100-1159,1445,0,0,0,980
1,2,9E,20363,9E,N833AY,3362,10397,1039707,ATL,11953,1195302,GNV,2219,0,2200-2259,2325,0,0,0,300
1,2,9E,20363,9E,N398CA,3363,10397,1039707,ATL,12945,1294503,LEX,1451,0,1400-1459,1601,0,0,0,304
1,2,9E,20363,9E,N398CA,3363,12945,1294503,LEX,10397,1039707,ATL,1644,0,1600-1659,1817,0,0,0,304
1,2,9E,20363,9E,N8891A,3364,11433,1143302,DTW,15412,1541205,TYS,843,0,0800-0859,1017,0,0,0,443
1,2,9E,20363,9E,N302PQ,3365,10397,1039707,ATL,10135,1013505,ABE,1743,0,1700-1759,1931,0,0,0,692
1,2,9E,20363,9E,N820AY,3366,14108,1410803,PIA,10397,1039707,ATL,549,0,0001-0559,842,0,0,0,565
1,2,9E,20363,9E,N923XJ,3367,10397,1039707,ATL,14730,1473003,SDF,1047,0,1000-1059,1219,0,0,0,321
1,2,9E,20363,9E,N923XJ,3367,14730,1473003,SDF,10397,1039707,ATL,1253,0,1200-1259,1415,0,0,0,321
1,2,9E,20363,9E,N348PQ,3368,11042,1104205,CLE,13487,1348702,MSP,1051,0,1100-1159,1205,0,0,0,622
1,2,9E,20363,9E,N131EV,3369,10397,1039707,ATL,13577,1357702,MYR,1030,0,1000-1059,1132,0,0,0,317
1,2,9E,20363,9E,N176PQ,3370,11537,1153705,ELM,10397,1039707,ATL,605,0,0600-0659,826,0,0,0,717
1,2,9E,20363,9E,N981EV,3371,12478,1247805,JFK,14321,1432105,PWM,2153,0,2200-2259,2259,0,0,0,273
1,2,9E,20363,9E,N137EV,3372,14683,1468305,SAT,11433,1143302,DTW,1450,0,1500-1559,1830,0,0,0,1214
1,2,9E,20363,9E,N924XJ,3373,10397,1039707,ATL,10868,1086803,CAE,1617,0,1600-1659,1719,0,0,0,192
1,2,9E,20363,9E,N301PQ,3374,13487,1348702,MSP,11193,1119302,CVG,1100,1,1000-1059,1339,1,0,0,596
1,2,9E,20363,9E,N686BR,3375,11433,1143302,DTW,15096,1509602,SYR,832,0,0800-0859,949,0,0,0,374
1,2,9E,20363,9E,N232PQ,3376,11423,1142307,DSM,11433,1143302,DTW,822,0,0800-0859,1111,0,0,0,534
1,2,9E,20363,9E,N8688C,3377,10397,1039707,ATL,11150,1115005,CSG,1354,0,1400-1459,1437,0,0,0,83
1,2,9E,20363,9E,N8970D,3378,11617,1161708,EWN,10397,1039707,ATL,649,0,0700-0759,833,0,0,0,433
1,2,9E,20363,9E,N8974C,3379,10397,1039707,ATL,10431,1043105,AVL,1215,0,1200-1259,1301,0,0,0,164
1,2,9E,20363,9E,N398CA,3380,14098,1409803,PHF,10397,1039707,ATL,550,0,0600-0659,757,0,0,0,508
1,2,9E,20363,9E,N8918B,3381,11433,1143302,DTW,11537,1153705,ELM,822,0,0800-0859,932,0,0,0,332
1,2,9E,20363,9E,N8683B,3382,10397,1039707,ATL,14814,1481402,SHV,949,0,0900-0959,1042,0,0,0,551
1,2,9E,20363,9E,N8683B,3382,14814,1481402,SHV,10397,1039707,ATL,1118,0,1100-1159,1353,0,0,0,551
1,2,9E,20363,9E,N8928A,3383,11150,1115005,CSG,10397,1039707,ATL,1202,0,1200-1259,1250,0,0,0,83
1,2,9E,20363,9E,N912XJ,3384,10397,1039707,ATL,12217,1221702,HSV,1024,0,1000-1059,1015,0,0,0,151
1,2,9E,20363,9E,N166PQ,3385,11423,1142307,DSM,13487,1348702,MSP,850,0,0900-0959,958,0,0,0,232
1,2,9E,20363,9E,N315PQ,3386,13485,1348502,MSN,11433,1143302,DTW,837,0,0800-0859,1105,0,0,0,311
1,2,9E,20363,9E,N607LR,3387,10397,1039707,ATL,15370,1537002,TUL,829,0,0800-0859,931,0,0,0,674
1,2,9E,20363,9E,N607LR,3387,15370,1537002,TUL,10397,1039707,ATL,1025,0,1000-1059,1306,0,0,0,674
1,2,9E,20363,9E,N8936A,3388,11433,1143302,DTW,11977,1197705,GRB,2023,0,2000-2059,2149,1,0,0,287
1,2,9E,20363,9E,N601LR,3389,10529,1052906,BDL,13487,1348702,MSP,1613,0,1600-1659,1829,0,0,0,1050
1,2,9E,20363,9E,N906XJ,3390,11298,1129806,DFW,11433,1143302,DTW,1124,0,1100-1159,1438,0,0,0,986
1,2,9E,20363,9E,N924XJ,3391,10397,1039707,ATL,12323,1232305,ILM,1023,0,1000-1059,1136,0,0,0,377
1,2,9E,20363,9E,N924XJ,3391,12323,1232305,ILM,10397,1039707,ATL,1222,0,1200-1259,1350,0,0,0,377
1,2,9E,20363,9E,N927XJ,3392,14524,1452401,RIC,12953,1295304,LGA,1539,0,1500-1559,1656,0,0,0,292
1,2,9E,20363,9E,N8943A,3393,14524,1452401,RIC,12478,1247805,JFK,717,0,0700-0759,828,0,0,0,288
1,2,9E,20363,9E,N308PQ,3394,14457,1445702,RAP,13487,1348702,MSP,957,1,0700-0759,1228,1,0,0,489
1,2,9E,20363,9E,N8918B,3395,11537,1153705,ELM,11433,1143302,DTW,1252,0,1300-1359,1427,0,0,0,332
1,2,9E,20363,9E,N8877A,3396,10397,1039707,ATL,15412,1541205,TYS,1203,0,1200-1259,1252,0,0,0,152
1,2,9E,20363,9E,N8877A,3396,15412,1541205,TYS,10397,1039707,ATL,1330,0,1300-1359,1422,0,0,0,152
1,2,9E,20363,9E,N297PQ,3397,14122,1412202,PIT,10721,1072102,BOS,919,0,0900-0959,1045,0,0,0,496
1,2,9E,20363,9E,N8886A,3398,10397,1039707,ATL,15249,1524906,TLH,937,0,0900-0959,1036,0,0,0,223
1,2,9E,20363,9E,N8943A,3399,11193,1119302,CVG,11433,1143302,DTW,1826,1,1800-1859,1935,1,0,0,229
1,2,9E,20363,9E,N8908D,3400,10397,1039707,ATL,11146,1114606,CRW,1054,0,1000-1059,1203,0,0,0,363
1,2,9E,20363,9E,N8908D,3400,11146,1114606,CRW,10397,1039707,ATL,1257,0,1300-1359,1417,0,0,0,363
1,2,9E,20363,9E,N936XJ,3401,10397,1039707,ATL,14730,1473003,SDF,1332,0,1300-1359,1437,0,0,0,321
1,2,9E,20363,9E,N582CA,3402,13487,1348702,MSP,14524,1452401,RIC,1744,0,1700-1759,2104,0,0,0,970
1,2,9E,20363,9E,N937XJ,3403,10397,1039707,ATL,15323,1532305,TRI,1622,0,1600-1659,1719,0,0,0,227
1,2,9E,20363,9E,N931XJ,3404,10397,1039707,ATL,12992,1299206,LIT,955,0,0900-0959,1032,0,0,0,453
1,2,9E,20363,9E,N910XJ,3405,11423,1142307,DSM,13487,1348702,MSP,1336,1,1300-1359,1430,0,0,0,232
1,2,9E,20363,9E,N910XJ,3405,13487,1348702,MSP,11423,1142307,DSM,1110,0,1100-1159,1252,0,0,0,232
1,2,9E,20363,9E,N935XJ,3406,13487,1348702,MSP,11986,1198603,GRR,1252,0,1200-1259,1517,0,0,0,408
1,2,9E,20363,9E,N932XJ,3407,11433,1143302,DTW,12339,1233904,IND,816,0,0800-0859,928,0,0,0,231
1,2,9E,20363,9E,N676CA,3408,13487,1348702,MSP,11193,1119302,CVG,1934,0,1900-1959,2215,0,0,0,596
1,2,9E,20363,9E,N918XJ,3409,10397,1039707,ATL,11973,1197302,GPT,1337,0,1300-1359,1357,0,0,0,352
1,2,9E,20363,9E,N918XJ,3409,11973,1197302,GPT,10397,1039707,ATL,1432,0,1400-1459,1656,0,0,0,352
1,2,9E,20363,9E,N917XJ,3410,11433,1143302,DTW,15380,1538005,TVC,2037,0,2000-2059,2301,1,0,0,207
1,2,9E,20363,9E,N920XJ,3411,10397,1039707,ATL,11995,1199502,GSO,1011,0,1000-1059,1112,0,0,0,306
1,2,9E,20363,9E,N197PQ,3412,10397,1039707,ATL,10980,1098002,CHA,855,0,0900-0959,936,0,0,0,106
1,2,9E,20363,9E,N197PQ,3412,10980,1098002,CHA,10397,1039707,ATL,1013,0,1000-1059,1059,0,0,0,106
1,2,9E,20363,9E,N905XJ,3413,13871,1387102,OMA,13487,1348702,MSP,1456,0,1500-1559,1553,0,0,0,282
1,2,9E,20363,9E,N308PQ,3414,12264,1226402,IAD,13487,1348702,MSP,1659,0,1700-1759,1854,0,0,0,908
1,2,9E,20363,9E,N308PQ,3414,13487,1348702,MSP,12264,1226402,IAD,1308,1,1200-1259,1612,0,0,0,908
1,2,9E,20363,9E,N313PQ,3415,14492,1449202,RDU,13487,1348702,MSP,556,0,0600-0659,748,0,0,0,980
1,2,9E,20363,9E,N304PQ,3416,12339,1233904,IND,11433,1143302,DTW,612,0,0600-0659,714,0,0,0,231
1,2,9E,20363,9E,N8970D,3417,10397,1039707,ATL,15249,1524906,TLH,1341,0,1300-1359,1445,0,0,0,223
1,2,9E,20363,9E,N316PQ,3418,10397,1039707,ATL,15323,1532305,TRI,2226,0,2200-2259,2325,0,0,0,227
1,2,9E,20363,9E,N921XJ,3419,10397,1039707,ATL,10685,1068502,BMI,1737,0,1700-1759,1814,0,0,0,533
1,2,9E,20363,9E,N303PQ,3420,14685,1468502,SAV,12478,1247805,JFK,1207,0,1200-1259,1410,0,0,0,718
1,2,9E,20363,9E,N147PQ,3421,10397,1039707,ATL,12448,1244807,JAN,2131,0,2100-2159,2148,0,0,0,341
1,2,9E,20363,9E,N932XJ,3422,12339,1233904,IND,12953,1295304,LGA,1052,0,1000-1059,1235,0,0,0,660
1,2,9E,20363,9E,N935XJ,3423,11986,1198603,GRR,11433,1143302,DTW,1738,0,1700-1759,1904,1,0,0,120
1,2,9E,20363,9E,N8976E,3424,12953,1295304,LGA,14576,1457606,ROC,1119,0,1100-1159,1227,0,0,0,254
1,2,9E,20363,9E,N166PQ,3425,12264,1226402,IAD,13487,1348702,MSP,1450,1,1400-1459,1645,1,0,0,908
1,2,9E,20363,9E,N166PQ,3425,13487,1348702,MSP,12264,1226402,IAD,1058,1,1000-1059,1412,1,0,0,908
1,2,9E,20363,9E,N335PQ,3426,11433,1143302,DTW,12339,1233904,IND,1542,0,1500-1559,1705,0,0,0,231
1,2,9E,20363,9E,N320PQ,3427,10785,1078502,BTV,11433,1143302,DTW,524,0,0001-0559,733,0,0,0,537
1,2,9E,20363,9E,N310PQ,3428,11042,1104205,CLE,12478,1247805,JFK,1556,0,1600-1659,1725,0,0,0,425
1,2,9E,20363,9E,N186PQ,3429,14492,1449202,RDU,12953,1295304,LGA,1459,0,1500-1559,1630,0,0,0,431
1,2,9E,20363,9E,N8918B,3431,12884,1288403,LAN,11433,1143302,DTW,617,0,0600-0659,705,0,0,0,74
1,2,9E,20363,9E,N292PQ,3432,14492,1449202,RDU,15304,1530402,TPA,1825,0,1800-1859,2020,0,0,0,587
1,2,9E,20363,9E,N228PQ,3433,11193,1119302,CVG,12953,1295304,LGA,1556,0,1600-1659,1730,0,0,0,585
1,2,9E,20363,9E,N304PQ,3434,11193,1119302,CVG,13487,1348702,MSP,1325,0,1300-1359,1417,0,0,0,596
1,2,9E,20363,9E,N903XJ,3435,11298,1129806,DFW,13487,1348702,MSP,1122,1,1100-1159,1318,0,0,0,852
1,2,9E,20363,9E,N307PQ,3436,10397,1039707,ATL,13795,1379502,OAJ,1225,0,1200-1259,1339,0,0,0,399
1,2,9E,20363,9E,N307PQ,3436,13795,1379502,OAJ,10397,1039707,ATL,1430,0,1400-1459,1559,0,0,0,399
1,2,9E,20363,9E,N153PQ,3437,10397,1039707,ATL,15249,1524906,TLH,1615,0,1600-1659,1711,0,0,0,223
1,2,9E,20363,9E,N917XJ,3438,12953,1295304,LGA,11193,1119302,CVG,958,1,0900-0959,1210,0,0,0,585
1,2,9E,20363,9E,N324PQ,3439,11042,1104205,CLE,11433,1143302,DTW,1748,0,1700-1759,1850,0,0,0,95
1,2,9E,20363,9E,N324PQ,3439,11433,1143302,DTW,11042,1104205,CLE,1545,0,1500-1559,1719,1,0,0,95
1,2,9E,20363,9E,N8986B,3440,10185,1018502,AEX,10397,1039707,ATL,1732,0,1700-1759,2006,0,0,0,500
1,2,9E,20363,9E,N8688C,3442,10185,1018502,AEX,10397,1039707,ATL,1030,0,1000-1059,1258,0,0,0,500
1,2,9E,20363,9E,N8688C,3442,10397,1039707,ATL,10185,1018502,AEX,859,0,0900-0959,1004,0,0,0,500
1,2,9E,20363,9E,N293PQ,5355,12478,1247805,JFK,10792,1079206,BUF,1117,0,1100-1159,1241,0,0,0,301
1,2,9E,20363,9E,N926XJ,5358,14492,1449202,RDU,12478,1247805,JFK,1045,0,1000-1059,1206,0,0,0,427
1,2,9E,20363,9E,N8694A,5359,10397,1039707,ATL,10990,1099005,CHO,1201,0,1200-1259,1320,0,0,0,457
1,2,9E,20363,9E,N8694A,5359,10990,1099005,CHO,10397,1039707,ATL,1415,0,1400-1459,1554,0,0,0,457
1,2,9E,20363,9E,N916XJ,5362,10994,1099402,CHS,12953,1295304,LGA,1656,0,1700-1759,1831,0,0,0,641
1,2,9E,20363,9E,N981EV,5369,12478,1247805,JFK,10821,1082106,BWI,1609,0,1600-1659,1725,0,0,0,184
1,2,9E,20363,9E,N314PQ,5370,12478,1247805,JFK,10785,1078502,BTV,2110,0,2100-2159,2235,0,0,0,266
1,2,9E,20363,9E,N136EV,5373,12478,1247805,JFK,11193,1119302,CVG,1810,0,1800-1859,2024,0,0,0,589
1,2,9E,20363,9E,N329PQ,5374,10397,1039707,ATL,11423,1142307,DSM,940,0,0900-0959,1042,0,0,0,743
1,2,9E,20363,9E,N329PQ,5374,11423,1142307,DSM,10397,1039707,ATL,1150,0,1100-1159,1444,0,0,0,743
1,2,9E,20363,9E,N298PQ,5389,12206,1220605,HRL,13487,1348702,MSP,1605,1,1500-1559,1851,0,0,0,1310
1,2,9E,20363,9E,N298PQ,5389,13487,1348702,MSP,12206,1220605,HRL,1130,0,1100-1159,1521,0,0,0,1310
1,2,9E,20363,9E,N8943A,5391,12478,1247805,JFK,15096,1509602,SYR,953,0,1000-1059,1129,0,0,0,209
1,2,9E,20363,9E,N297PQ,5392,12478,1247805,JFK,12264,1226402,IAD,1857,0,1800-1859,2017,0,0,0,228
1,2,9E,20363,9E,N341PQ,5397,13931,1393102,ORF,12953,1295304,LGA,1152,0,1200-1259,1310,0,0,0,296
1,2,9E,20363,9E,N315PQ,5399,12339,1233904,IND,13487,1348702,MSP,1609,0,1600-1659,1651,0,0,0,503
1,2,9E,20363,9E,N329PQ,5402,10397,1039707,ATL,14098,1409803,PHF,2133,0,2100-2159,2255,0,0,0,508
1,2,9E,20363,9E,N927EV,5404,13433,1343302,MOT,13487,1348702,MSP,1712,0,1700-1759,1848,0,0,0,449
1,2,9E,20363,9E,N916XJ,5405,12953,1295304,LGA,10994,1099402,CHS,954,0,0900-0959,1154,0,0,0,641
1,2,9E,20363,9E,N686BR,5410,12478,1247805,JFK,13931,1393102,ORF,1443,0,1400-1459,1606,0,0,0,290
1,2,9E,20363,9E,N310PQ,5412,11433,1143302,DTW,11042,1104205,CLE,1224,0,1200-1259,1311,0,0,0,95
1,2,9E,20363,9E,N912XJ,5413,12217,1221702,HSV,10397,1039707,ATL,1234,0,1200-1259,1431,0,0,0,151
1,2,9E,20363,9E,N833AY,5418,15412,1541205,TYS,11433,1143302,DTW,927,0,0900-0959,1059,0,0,0,443
1,2,9E,20363,9E,N292PQ,5420,13204,1320402,MCO,14492,1449202,RDU,1547,0,1500-1559,1727,0,0,0,534
1,2,9E,20363,9E,N8974C,5421,10781,1078105,BTR,10397,1039707,ATL,758,0,0800-0859,1030,0,0,0,448
1,2,9E,20363,9E,N602LR,5423,11423,1142307,DSM,10397,1039707,ATL,540,0,0001-0559,909,0,0,0,743
1,2,9E,20363,9E,N912XJ,5425,10397,1039707,ATL,12323,1232305,ILM,2117,0,2100-2159,2230,0,0,0,377
1,2,9E,20363,9E,N607LR,5434,10397,1039707,ATL,12217,1221702,HSV,1438,1,1400-1459,1425,0,0,0,151
1,2,9E,20363,9E,N301PQ,5438,11193,1119302,CVG,10721,1072102,BOS,1414,1,1300-1359,1558,0,0,0,752
1,2,9E,20363,9E,N928XJ,5442,12478,1247805,JFK,14685,1468502,SAV,1412,0,1400-1459,1622,0,0,0,718
1,2,9E,20363,9E,N300PQ,5445,10785,1078502,BTV,10397,1039707,ATL,546,0,0001-0559,857,0,0,0,961
1,2,9E,20363,9E,N320PQ,5447,12478,1247805,JFK,11042,1104205,CLE,1449,0,1400-1459,1735,1,0,0,425
1,2,9E,20363,9E,N313PQ,5510,13487,1348702,MSP,12339,1233904,IND,956,0,1000-1059,1231,0,0,0,503
1,2,9E,20363,9E,N910XJ,5512,13487,1348702,MSP,14683,1468305,SAT,1743,0,1700-1759,2056,0,0,0,1097
1,2,9E,20363,9E,N336PQ,5523,14492,1449202,RDU,13487,1348702,MSP,1653,0,1700-1759,1847,0,0,0,980
1,2,9E,20363,9E,N335PQ,5524,11146,1114606,CRW,10397,1039707,ATL,602,0,0600-0659,725,0,0,0,363
1,2,9E,20363,9E,N582CA,5525,14100,1410005,PHL,13487,1348702,MSP,1152,0,1200-1259,1351,0,0,0,980
1,2,AA,19805,AA,N838NN,363,10693,1069302,BNA,12892,1289208,LAX,2014,1,1900-1959,2251,1,0,0,1797
1,2,AA,19805,AA,N838NN,363,12892,1289208,LAX,10693,1069302,BNA,1327,1,1200-1259,1926,1,0,0,1797
1,2,AA,19805,AA,N922NN,364,11298,1129806,DFW,14831,1483106,SJC,1838,0,1800-1859,2010,0,0,0,1438
1,2,AA,19805,AA,N820AL,366,12892,1289208,LAX,11298,1129806,DFW,1531,1,1500-1559,2018,0,0,0,1235
1,2,AA,19805,AA,N961NN,367,12953,1295304,LGA,13930,1393007,ORD,1227,0,1200-1259,1407,0,0,0,733
1,2,AA,19805,AA,N961NN,367,13930,1393007,ORD,12953,1295304,LGA,827,0,0800-0859,1118,0,0,0,733
1,2,AA,19805,AA,N929AA,368,11298,1129806,DFW,14747,1474703,SEA,1454,0,1400-1459,1701,0,0,0,1660
1,2,AA,19805,AA,N9620D,369,10693,1069302,BNA,11298,1129806,DFW,1713,0,1700-1759,1923,0,0,0,631
1,2,AA,19805,AA,N989NN,370,12953,1295304,LGA,13930,1393007,ORD,726,0,0700-0759,917,0,0,0,733
1,2,AA,19805,AA,N9620D,371,11298,1129806,DFW,10693,1069302,BNA,1442,0,1400-1459,1616,0,0,0,631
1,2,AA,19805,AA,N803NN,372,13487,1348702,MSP,14107,1410702,PHX,1449,0,1400-1459,1716,0,0,0,1276
1,2,AA,19805,AA,N803NN,372,14107,1410702,PHX,13487,1348702,MSP,1016,1,0900-0959,1355,0,0,0,1276
1,2,AA,19805,AA,N826NN,373,10693,1069302,BNA,13303,1330303,MIA,1734,0,1700-1759,2048,0,0,0,806
1,2,AA,19805,AA,N826NN,373,13303,1330303,MIA,10693,1069302,BNA,1527,0,1500-1559,1640,0,0,0,806
1,2,AA,19805,AA,N9626F,374,11066,1106606,CMH,11298,1129806,DFW,1143,0,1100-1159,1344,0,0,0,926
1,2,AA,19805,AA,N855NN,375,12451,1245102,JAX,11298,1129806,DFW,745,0,0700-0759,931,0,0,0,918
1,2,AA,19805,AA,N939NN,376,13303,1330303,MIA,14100,1410005,PHL,1624,0,1600-1659,1859,0,0,0,1013
1,2,AA,19805,AA,N337PJ,381,13930,1393007,ORD,12953,1295304,LGA,1300,1,1200-1259,1552,0,0,0,733
1,2,AA,19805,AA,N309PC,382,12892,1289208,LAX,10721,1072102,BOS,1259,0,1300-1359,2048,0,0,0,2611
1,2,AA,19805,AA,N394AN,383,13303,1330303,MIA,14771,1477104,SFO,727,0,0700-0759,1026,0,0,0,2585
1,2,AA,19805,AA,N394AN,383,14771,1477104,SFO,13303,1330303,MIA,1210,0,1200-1259,2033,0,0,0,2585
1,2,AA,19805,AA,N930AN,384,14747,1474703,SEA,13930,1393007,ORD,1029,0,1000-1059,1624,0,0,0,1721
1,2,AA,19805,AA,N968TW,385,11298,1129806,DFW,15016,1501606,STL,900,0,0900-0959,1027,0,0,0,550
1,2,AA,19805,AA,N968TW,385,15016,1501606,STL,11298,1129806,DFW,1130,0,1100-1159,1323,0,0,0,550
1,2,AA,19805,AA,N926AN,386,14100,1410005,PHL,13303,1330303,MIA,2036,0,2000-2059,2316,0,0,0,1013
1,2,AA,19805,AA,N140AN,390,14771,1477104,SFO,11298,1129806,DFW,803,0,0800-0859,1347,0,0,0,1464
1,2,AA,19805,AA,N306PB,391,11278,1127805,DCA,13303,1330303,MIA,648,0,0600-0659,942,0,0,0,919
1,2,AA,19805,AA,N890NN,394,11057,1105703,CLT,13487,1348702,MSP,1300,0,1300-1359,1435,0,0,0,930
1,2,AA,19805,AA,N890NN,394,13487,1348702,MSP,11057,1105703,CLT,1534,0,1500-1559,1910,0,0,0,930
1,2,AA,19805,AA,N930NN,395,13930,1393007,ORD,14843,1484306,SJU,828,0,0800-0859,1500,0,0,0,2072
1,2,AA,19805,AA,N996NN,398,13930,1393007,ORD,12953,1295304,LGA,625,0,0600-0659,927,0,0,0,733
1,2,AA,19805,AA,N165US,400,11057,1105703,CLT,11278,1127805,DCA,928,0,0900-0959,1038,0,0,0,331
1,2,AA,19805,AA,N717UW,401,10397,1039707,ATL,14100,1410005,PHL,1521,0,1500-1559,1705,0,0,0,666
1,2,AA,19805,AA,N721UW,402,10821,1082106,BWI,11057,1105703,CLT,1748,0,1700-1759,1916,0,0,0,361
1,2,AA,19805,AA,N721UW,402,11057,1105703,CLT,10821,1082106,BWI,1551,0,1500-1559,1658,0,0,0,361
1,2,AA,19805,AA,N831AW,404,11057,1105703,CLT,12339,1233904,IND,1637,0,1600-1659,1812,0,0,0,427
1,2,AA,19805,AA,N831AW,404,12339,1233904,IND,11057,1105703,CLT,1858,0,1900-1959,2034,0,0,0,427
1,2,AA,19805,AA,N572UW,406,12889,1288903,LAS,11057,1105703,CLT,107,0,0001-0559,814,0,0,0,1916
1,2,AA,19805,AA,N207UW,407,11298,1129806,DFW,14107,1410702,PHX,1210,0,1200-1259,1340,0,0,0,868
1,2,AA,19805,AA,N207UW,407,14107,1410702,PHX,11298,1129806,DFW,745,0,0700-0759,1053,0,0,0,868
1,2,AA,19805,AA,N184US,409,12892,1289208,LAX,11298,1129806,DFW,1543,0,1500-1559,2041,0,0,0,1235
1,2,AA,19805,AA,N664AW,890,13796,1379608,OAK,11298,1129806,DFW,1117,0,1100-1159,1645,0,0,0,1457
1,2,AA,19805,AA,N981UY,891,14107,1410702,PHX,13930,1393007,ORD,1647,1,1600-1659,2108,1,0,0,1440
1,2,AA,19805,AA,N587UW,897,10792,1079206,BUF,11057,1105703,CLT,1020,0,1000-1059,1226,0,0,0,546
1,2,AA,19805,AA,N173US,899,12892,1289208,LAX,14107,1410702,PHX,1715,1,1600-1659,2013,1,0,0,370
1,2,AA,19805,AA,N173US,899,14107,1410702,PHX,12892,1289208,LAX,1551,1,1500-1559,1613,1,0,0,370
1,2,AA,19805,AA,N819NN,919,11697,1169706,FLL,11298,1129806,DFW,1132,0,1100-1159,1356,0,0,0,1119
1,2,AA,19805,AA,N535UW,1849,11057,1105703,CLT,13204,1320402,MCO,917,0,0900-0959,1045,0,0,0,468
1,2,AA,19805,AA,N535UW,1849,13204,1320402,MCO,11057,1105703,CLT,1147,0,1100-1159,1315,0,0,0,468
1,2,AA,19805,AA,N125UW,1850,11057,1105703,CLT,10397,1039707,ATL,1802,0,1800-1859,1902,0,0,0,226
1,2,AA,19805,AA,N669AW,1851,11057,1105703,CLT,15376,1537604,TUS,2205,0,2200-2259,39,0,0,0,1735
1,2,AA,19805,AA,N917UY,1852,11057,1105703,CLT,14843,1484306,SJU,1000,0,1000-1059,1435,0,0,0,1475
1,2,AA,19805,AA,N917UY,1852,14843,1484306,SJU,11057,1105703,CLT,1537,0,1500-1559,1825,0,0,0,1475
1,2,AA,19805,AA,N923US,1853,11298,1129806,DFW,10721,1072102,BOS,1055,0,1000-1059,1459,0,0,0,1562
1,2,AA,19805,AA,N185UW,1854,13930,1393007,ORD,14100,1410005,PHL,651,0,0700-0759,939,0,0,0,678
1,2,AA,19805,AA,N702UW,1855,11057,1105703,CLT,11278,1127805,DCA,1852,1,1800-1859,2004,0,0,0,331
1,2,AA,19805,AA,N717UW,1856,14100,1410005,PHL,10721,1072102,BOS,1902,0,1800-1859,2011,0,0,0,280
1,2,AA,19805,AA,N711UW,1857,11057,1105703,CLT,11995,1199502,GSO,2104,1,2000-2059,2146,1,0,0,83
1,2,AA,19805,AA,N823AW,1858,11057,1105703,CLT,10257,1025702,ALB,2207,0,2200-2259,2349,0,0,0,646
1,2,AA,19805,AA,N654AW,1859,10397,1039707,ATL,14100,1410005,PHL,941,0,0900-0959,1140,0,0,0,666
1,2,AA,19805,AA,N768US,1860,10257,1025702,ALB,11057,1105703,CLT,1200,0,1200-1259,1414,0,0,0,646
1,2,AA,19805,AA,N768US,1860,11057,1105703,CLT,10257,1025702,ALB,925,0,0900-0959,1114,0,0,0,646
1,2,AA,19805,AA,N112US,1861,14100,1410005,PHL,10397,1039707,ATL,1236,0,1200-1259,1440,0,0,0,666
1,2,AA,19805,AA,N126UW,1862,11057,1105703,CLT,12953,1295304,LGA,1307,0,1300-1359,1438,0,0,0,544
1,2,AA,19805,AA,N126UW,1862,12953,1295304,LGA,11057,1105703,CLT,1543,0,1500-1559,1743,0,0,0,544
1,2,AA,19805,AA,N581UW,1864,14100,1410005,PHL,11697,1169706,FLL,2048,0,2000-2059,2334,0,0,0,992
1,2,AA,19805,AA,N951UW,1865,11042,1104205,CLE,14100,1410005,PHL,1041,0,1000-1059,1147,0,0,0,363
1,2,AA,19805,AA,N958UW,1866,14321,1432105,PWM,14100,1410005,PHL,1223,0,1200-1259,1358,0,0,0,364
1,2,AA,19805,AA,N925UY,1867,14893,1489302,SMF,14107,1410702,PHX,556,0,0600-0659,853,0,0,0,647
1,2,AA,19805,AA,N192UW,1868,14771,1477104,SFO,14107,1410702,PHX,905,0,0900-0959,1211,0,0,0,651
1,2,AA,19805,AA,N947UW,1869,13296,1329604,MHT,14100,1410005,PHL,1018,0,1000-1059,1143,0,0,0,289
1,2,AA,19805,AA,N673AW,1870,14100,1410005,PHL,11697,1169706,FLL,1519,0,1500-1559,1801,0,0,0,992
1,2,AA,19805,AA,N543UW,1872,13930,1393007,ORD,11057,1105703,CLT,914,1,0800-0859,1215,1,0,0,599
1,2,AA,19805,AA,N543UW,1872,14100,1410005,PHL,13930,1393007,ORD,552,0,0600-0659,725,0,0,0,678
1,2,AA,19805,AA,N154UW,1873,11057,1105703,CLT,14771,1477104,SFO,2021,0,2000-2059,2313,0,0,0,2296
1,2,AA,19805,AA,N576UW,1874,14100,1410005,PHL,10721,1072102,BOS,2122,0,2100-2159,2232,0,0,0,280
1,2,AA,19805,AA,N673AW,1875,15304,1530402,TPA,14100,1410005,PHL,1157,0,1100-1159,1414,0,0,0,920
1,2,AA,19805,AA,N165US,1876,15304,1530402,TPA,11057,1105703,CLT,1731,0,1700-1759,1907,0,0,0,507
1,2,AA,19805,AA,N829AW,1877,11057,1105703,CLT,10423,1042302,AUS,2007,0,2000-2059,2157,0,0,0,1032
1,2,AA,19805,AA,N306NY,2830,12953,1295304,LGA,11298,1129806,DFW,1851,0,1800-1859,2158,0,0,0,1389
1,2,AA,19805,AA,N175AN,2831,11503,1150305,EGE,11298,1129806,DFW,1241,1,1200-1259,1618,1,0,0,721
1,2,AA,19805,AA,N175AN,2831,13303,1330303,MIA,11503,1150305,EGE,828,0,0800-0859,1112,0,0,0,1810
1,2,AA,19805,AA,N963AN,2832,13303,1330303,MIA,11278,1127805,DCA,1033,0,1000-1059,1247,0,0,0,919
1,2,AA,19805,AA,N994AN,2833,11298,1129806,DFW,14107,1410702,PHX,1714,1,1600-1659,1854,1,0,0,868
1,2,AA,19805,AA,N358PW,2834,11433,1143302,DTW,11298,1129806,DFW,743,1,0700-0759,948,1,0,0,986
1,2,AA,19805,AA,N111ZM,1,12478,1247805,JFK,12892,1289208,LAX,759,0,0800-0859,1133,0,0,0,2475
1,2,AA,19805,AA,N115NN,2,12892,1289208,LAX,12478,1247805,JFK,903,0,0900-0959,1642,0,0,0,2475
1,2,AA,19805,AA,N105NN,3,12478,1247805,JFK,12892,1289208,LAX,1223,0,1200-1259,1544,0,0,0,2475
1,2,AA,19805,AA,N110AN,4,12892,1289208,LAX,12478,1247805,JFK,1120,1,1100-1159,1908,0,0,0,2475
1,2,AA,19805,AA,N757AN,5,11298,1129806,DFW,12173,1217305,HNL,1119,0,1100-1159,1504,0,0,0,3784
1,2,AA,19805,AA,N796AN,6,13830,1383002,OGG,11298,1129806,DFW,1941,1,1900-1959,730,1,0,0,3711
1,2,AA,19805,AA,N796AN,7,11298,1129806,DFW,13830,1383002,OGG,911,0,0900-0959,1317,0,0,0,3711
1,2,AA,19805,AA,N766AN,8,12173,1217305,HNL,11298,1129806,DFW,1821,0,1800-1859,602,1,0,0,3784
1,2,AA,19805,AA,N881NN,9,13495,1349505,MSY,11298,1129806,DFW,905,1,0800-0859,1041,1,0,0,447
1,2,AA,19805,AA,N908AN,12,11298,1129806,DFW,12451,1245102,JAX,1608,1,1500-1559,1918,1,0,0,918
1,2,AA,19805,AA,N908AN,12,12451,1245102,JAX,11298,1129806,DFW,2007,1,1900-1959,2134,0,0,0,918
1,2,AA,19805,AA,N130AN,14,13830,1383002,OGG,12892,1289208,LAX,2331,1,2300-2359,725,1,0,0,2486
1,2,AA,19805,AA,N117AN,16,14771,1477104,SFO,12478,1247805,JFK,1134,0,1100-1159,2000,0,0,0,2586
1,2,AA,19805,AA,N875NN,19,13930,1393007,ORD,14492,1449202,RDU,1541,1,1500-1559,1821,0,0,0,646
1,2,AA,19805,AA,N858NN,22,11298,1129806,DFW,12266,1226603,IAH,1441,0,1400-1459,1548,0,0,0,224
1,2,AA,19805,AA,N858NN,22,12266,1226603,IAH,11298,1129806,DFW,1629,0,1600-1659,1738,0,0,0,224
1,2,AA,19805,AA,N982NN,24,12478,1247805,JFK,12889,1288903,LAS,1952,0,1900-1959,2259,0,0,0,2248
1,2,AA,19805,AA,N172AJ,30,13303,1330303,MIA,11298,1129806,DFW,2145,0,2100-2159,2356,0,0,0,1121
1,2,AA,19805,AA,N134AN,31,12892,1289208,LAX,12173,1217305,HNL,833,0,0800-0859,1207,0,0,0,2556
1,2,AA,19805,AA,N103NN,32,12892,1289208,LAX,12478,1247805,JFK,1418,1,1400-1459,2207,0,0,0,2475
1,2,AA,19805,AA,N103NN,33,12478,1247805,JFK,12892,1289208,LAX,656,0,0700-0759,1114,1,0,0,2475
1,2,AA,19805,AA,N998AN,35,11298,1129806,DFW,14683,1468305,SAT,1238,0,1200-1259,1400,0,0,0,247
1,2,AA,19805,AA,N998AN,35,14683,1468305,SAT,11298,1129806,DFW,1449,0,1400-1459,1553,0,0,0,247
1,2,AA,19805,AA,N952AA,52,13930,1393007,ORD,12478,1247805,JFK,1558,0,1500-1559,1848,0,0,0,740
1,2,AA,19805,AA,N968NN,54,12953,1295304,LGA,13303,1330303,MIA,1218,0,1200-1259,1517,0,0,0,1096
1,2,AA,19805,AA,N381AN,55,12889,1288903,LAS,14100,1410005,PHL,827,1,0600-0659,1540,1,0,0,2176
1,2,AA,19805,AA,N128AN,58,12758,1275804,KOA,12892,1289208,LAX,1339,0,1300-1359,2139,1,0,0,2504
1,2,AA,19805,AA,N128AN,59,12892,1289208,LAX,12758,1275804,KOA,822,0,0800-0859,1124,0,0,0,2504
1,2,AA,19805,AA,N921NN,64,13303,1330303,MIA,14107,1410702,PHX,2101,0,2100-2159,2353,0,0,0,1972
1,2,AA,19805,AA,N910NN,65,12889,1288903,LAS,12478,1247805,JFK,2242,0,2200-2259,623,0,0,0,2248
1,2,AA,19805,AA,N805AN,74,12173,1217305,HNL,13930,1393007,ORD,1838,0,1800-1859,658,0,0,0,4243
1,2,AA,19805,AA,N805AN,75,13930,1393007,ORD,12173,1217305,HNL,1010,0,1000-1059,1443,0,0,0,4243
1,2,AA,19805,AA,N820AL,84,11298,1129806,DFW,12892,1289208,LAX,2242,1,2200-2259,18,1,0,0,1235
1,2,AA,19805,AA,N868NN,85,11057,1105703,CLT,13303,1330303,MIA,1631,0,1600-1659,1832,0,0,0,650
1,2,AA,19805,AA,N385AM,88,14100,1410005,PHL,12889,1288903,LAS,2053,0,2000-2059,2335,0,0,0,2176
1,2,AA,19805,AA,N969TW,89,15016,1501606,STL,11298,1129806,DFW,822,0,0800-0859,1027,0,0,0,550
1,2,AA,19805,AA,N190AA,96,11057,1105703,CLT,13303,1330303,MIA,2114,0,2100-2159,2312,0,0,0,650
1,2,AA,19805,AA,N890NN,97,11057,1105703,CLT,13495,1349505,MSY,2010,0,2000-2059,2118,0,0,0,651
1,2,AA,19805,AA,N914NN,99,12892,1289208,LAX,11298,1129806,DFW,1825,0,1800-1859,2326,0,0,0,1235
1,2,AA,19805,AA,N757AN,102,12173,1217305,HNL,11298,1129806,DFW,2055,0,2100-2159,854,1,0,0,3784
1,2,AA,19805,AA,N9629H,103,10821,1082106,BWI,11298,1129806,DFW,1132,0,1100-1159,1409,0,0,0,1217
1,2,AA,19805,AA,N963NN,110,13930,1393007,ORD,10721,1072102,BOS,1326,0,1300-1359,1616,0,0,0,867
1,2,AA,19805,AA,N901NN,111,12339,1233904,IND,11057,1105703,CLT,633,1,0600-0659,801,0,0,0,427
1,2,AA,19805,AA,N922AN,114,13930,1393007,ORD,12953,1295304,LGA,1225,1,1000-1059,1522,1,0,0,733
1,2,AA,19805,AA,N956NN,115,12953,1295304,LGA,13930,1393007,ORD,825,0,0800-0859,1008,0,0,0,733
1,2,AA,19805,AA,N786AN,116,13830,1383002,OGG,11298,1129806,DFW,2135,1,2100-2159,918,1,0,0,3711
1,2,AA,19805,AA,N113AN,117,12478,1247805,JFK,12892,1289208,LAX,1456,0,1500-1559,1818,0,0,0,2475
1,2,AA,19805,AA,N116AN,118,12892,1289208,LAX,12478,1247805,JFK,654,0,0700-0759,1452,0,0,0,2475
1,2,AA,19805,AA,N786AN,119,11298,1129806,DFW,13830,1383002,OGG,1106,0,1100-1159,1450,0,0,0,3711
1,2,AA,19805,AA,N847NN,122,13487,1348702,MSP,13930,1393007,ORD,1547,0,1500-1559,1718,0,0,0,334
1,2,AA,19805,AA,N847NN,122,13930,1393007,ORD,13487,1348702,MSP,1349,1,1300-1359,1514,1,0,0,334
1,2,AA,19805,AA,N766AN,123,11298,1129806,DFW,12173,1217305,HNL,913,0,0900-0959,1255,0,0,0,3784
1,2,AA,19805,AA,N137AA,124,11292,1129202,DEN,11298,1129806,DFW,851,0,0800-0859,1211,0,0,0,641
1,2,AA,19805,AA,N337PJ,129,12953,1295304,LGA,13930,1393007,ORD,921,0,0900-0959,1100,0,0,0,733
1,2,AA,19805,AA,N896NN,130,11057,1105703,CLT,12339,1233904,IND,2221,0,2200-2259,2349,0,0,0,427
1,2,AA,19805,AA,N149AN,131,11298,1129806,DFW,14679,1467903,SAN,931,0,0900-0959,1040,0,0,0,1171
1,2,AA,19805,AA,N149AN,131,14679,1467903,SAN,11298,1129806,DFW,1134,0,1100-1159,1627,0,0,0,1171
1,2,AA,19805,AA,N969NN,132,13303,1330303,MIA,13930,1393007,ORD,1248,1,1200-1259,1457,1,0,0,1197
1,2,AA,19805,AA,N106NN,133,12478,1247805,JFK,12892,1289208,LAX,1723,1,1700-1759,2123,1,0,0,2475
1,2,AA,19805,AA,N839NN,134,14679,1467903,SAN,13930,1393007,ORD,927,0,0900-0959,1521,0,0,0,1723
1,2,AA,19805,AA,N800NN,137,15376,1537604,TUS,11298,1129806,DFW,612,0,0600-0659,1032,1,0,0,813
1,2,AA,19805,AA,N950AN,138,13495,1349505,MSY,11298,1129806,DFW,852,0,0800-0859,1049,0,0,0,447
1,2,AA,19805,AA,N986AN,139,11298,1129806,DFW,14771,1477104,SFO,1254,0,1200-1259,1425,0,0,0,1464
1,2,AA,19805,AA,N986AN,139,14771,1477104,SFO,11298,1129806,DFW,1541,0,1500-1559,2105,0,0,0,1464
1,2,AA,19805,AA,N184AN,140,11298,1129806,DFW,14100,1410005,PHL,1018,0,1000-1059,1406,0,0,0,1303
1,2,AA,19805,AA,N184AN,140,14100,1410005,PHL,11298,1129806,DFW,1615,0,1600-1659,1932,0,0,0,1303
1,2,AA,19805,AA,N118NN,143,12892,1289208,LAX,12173,1217305,HNL,1428,0,1400-1459,1747,0,0,0,2556
1,2,AA,19805,AA,N118NN,144,12173,1217305,HNL,12892,1289208,LAX,2312,0,2300-2359,652,0,0,0,2556
1,2,AA,19805,AA,N869NN,145,13495,1349505,MSY,12892,1289208,LAX,702,0,0700-0759,933,0,0,0,1670
1,2,AA,19805,AA,N314PD,146,10529,1052906,BDL,13303,1330303,MIA,554,0,0600-0659,916,0,0,0,1194
1,2,AA,19805,AA,N8030F,147,12892,1289208,LAX,11503,1150305,EGE,835,0,0800-0859,1216,0,0,0,748
1,2,AA,19805,AA,N9013A,149,11503,1150305,EGE,12892,1289208,LAX,2028,1,1400-1459,2119,1,0,0,748
1,2,AA,19805,AA,N909AM,152,14771,1477104,SFO,11298,1129806,DFW,1016,0,1000-1059,1553,1,0,0,1464
1,2,AA,19805,AA,N912AN,155,14107,1410702,PHX,15016,1501606,STL,1636,0,1600-1659,2025,0,0,0,1262
1,2,AA,19805,AA,N891NN,157,11298,1129806,DFW,12478,1247805,JFK,701,0,0700-0759,1101,0,0,0,1391
1,2,AA,19805,AA,N963AN,159,13495,1349505,MSY,13303,1330303,MIA,623,0,0600-0659,918,0,0,0,675
1,2,AA,19805,AA,N963AN,160,13930,1393007,ORD,13303,1330303,MIA,1701,1,1600-1659,2111,1,0,0,1197
1,2,AA,19805,AA,N130AN,161,12892,1289208,LAX,13830,1383002,OGG,1737,0,1700-1759,2140,0,0,0,2486
1,2,AA,19805,AA,N134AN,162,12173,1217305,HNL,12892,1289208,LAX,1353,0,1300-1359,2208,1,0,0,2556
1,2,AA,19805,AA,N304RB,163,11278,1127805,DCA,12892,1289208,LAX,1707,0,1700-1759,2007,0,0,0,2311
1,2,AA,19805,AA,N304RB,163,12892,1289208,LAX,11278,1127805,DCA,816,0,0800-0859,1558,0,0,0,2311
1,2,AA,19805,AA,N114NN,164,14771,1477104,SFO,12478,1247805,JFK,755,0,0800-0859,1620,0,0,0,2586
1,2,AA,19805,AA,N9015D,165,11298,1129806,DFW,11503,1150305,EGE,843,0,0800-0859,1040,1,0,0,721
1,2,AA,19805,AA,N9015D,165,11503,1150305,EGE,11298,1129806,DFW,1145,1,1000-1059,1458,1,0,0,721
1,2,AA,19805,AA,N108NN,166,14771,1477104,SFO,12478,1247805,JFK,1535,0,1500-1559,2344,0,0,0,2586
1,2,AA,19805,AA,N133AN,167,12892,1289208,LAX,10721,1072102,BOS,836,1,0800-0859,1638,0,0,0,2611
1,2,AA,19805,AA,N981AN,168,12889,1288903,LAS,13930,1393007,ORD,1507,0,1500-1559,2027,0,0,0,1514
1,2,AA,19805,AA,N981AN,168,13930,1393007,ORD,12889,1288903,LAS,1209,0,1200-1259,1405,0,0,0,1514
1,2,AA,19805,AA,N805NN,172,14831,1483106,SJC,11298,1129806,DFW,755,0,0800-0859,1321,0,0,0,1438
1,2,AA,19805,AA,N965NN,178,14027,1402702,PBI,13930,1393007,ORD,,,0600-0659,,,1,0,1143
1,2,AA,19805,AA,N108NN,179,12478,1247805,JFK,14771,1477104,SFO,1055,0,1100-1159,1432,0,0,0,2586
1,2,AA,19805,AA,N156AN,185,12889,1288903,LAS,11298,1129806,DFW,306,1,0001-0559,736,0,0,0,1055
1,2,AA,19805,AA,N904AN,186,11057,1105703,CLT,11697,1169706,FLL,1157,0,1100-1159,1403,0,0,0,632
1,2,AA,19805,AA,N904AN,186,11697,1169706,FLL,11057,1105703,CLT,1443,0,1400-1459,1640,0,0,0,632
1,2,AA,19805,AA,N916AN,188,12339,1233904,IND,11298,1129806,DFW,1214,0,1200-1259,1348,0,0,0,761
1,2,AA,19805,AA,N9015D,189,11503,1150305,EGE,11298,1129806,DFW,,,0700-0759,,,1,0,721
1,2,AA,19805,AA,N9620D,190,11298,1129806,DFW,14685,1468502,SAV,2039,0,2000-2059,2339,0,0,0,925
1,2,AA,19805,AA,N337PJ,194,12953,1295304,LGA,13930,1393007,ORD,1639,0,1600-1659,1838,1,0,0,733
1,2,AA,19805,AA,N337PJ,194,13930,1393007,ORD,12953,1295304,LGA,1959,1,1900-1959,2244,0,0,0,733
1,2,AA,19805,AA,N971TW,195,11298,1129806,DFW,12264,1226402,IAD,1056,0,1000-1059,1426,0,0,0,1172
1,2,AA,19805,AA,N971TW,195,12264,1226402,IAD,11298,1129806,DFW,1519,0,1500-1559,1748,0,0,0,1172
1,2,AA,19805,AA,N839NN,196,12953,1295304,LGA,13930,1393007,ORD,2026,0,2000-2059,2209,0,0,0,733
1,2,AA,19805,AA,N839NN,196,13930,1393007,ORD,12953,1295304,LGA,1631,0,1600-1659,1916,0,0,0,733
1,2,AA,19805,AA,N874NN,197,10721,1072102,BOS,12478,1247805,JFK,622,0,0600-0659,731,0,0,0,187
1,2,AA,19805,AA,N936AN,200,13930,1393007,ORD,14492,1449202,RDU,847,1,0800-0859,1122,0,0,0,646
1,2,AA,19805,AA,N848NN,201,14908,1490803,SNA,14107,1410702,PHX,639,0,0600-0659,914,0,0,0,338
1,2,AA,19805,AA,N958NN,202,11298,1129806,DFW,11278,1127805,DCA,608,0,0600-0659,932,0,0,0,1192
1,2,AA,19805,AA,N135NN,205,12892,1289208,LAX,13830,1383002,OGG,1454,1,1400-1459,1748,0,0,0,2486
1,2,AA,19805,AA,N982AN,208,13204,1320402,MCO,13303,1330303,MIA,857,1,0800-0859,1008,1,0,0,192
1,2,AA,19805,AA,N140AN,209,11298,1129806,DFW,14057,1405702,PDX,2008,1,1800-1859,2202,1,0,0,1616
1,2,AA,19805,AA,N942NN,210,13303,1330303,MIA,14107,1410702,PHX,1436,1,1300-1359,1737,1,0,0,1972
1,2,AA,19805,AA,N807NN,211,12892,1289208,LAX,14683,1468305,SAT,1854,0,1900-1959,2344,0,0,0,1211
1,2,AA,19805,AA,N129AA,212,13830,1383002,OGG,12892,1289208,LAX,1542,0,1500-1559,2357,1,0,0,2486
1,2,AA,19805,AA,N314PD,218,11057,1105703,CLT,13303,1330303,MIA,1321,0,1300-1359,1526,0,0,0,650
1,2,AA,19805,AA,N123NN,219,13204,1320402,MCO,12892,1289208,LAX,1557,0,1500-1559,1817,0,0,0,2218
1,2,AA,19805,AA,N917AN,220,13495,1349505,MSY,11057,1105703,CLT,707,0,0700-0759,950,0,0,0,651
1,2,AA,19805,AA,N962AN,221,14107,1410702,PHX,10713,1071302,BOI,2118,0,2100-2159,2323,0,0,0,735
1,2,AA,19805,AA,N931AM,222,10721,1072102,BOS,12892,1289208,LAX,714,0,0700-0759,1052,0,0,0,2611
1,2,AA,19805,AA,N946NN,223,13930,1393007,ORD,11278,1127805,DCA,1251,1,1200-1259,1536,0,0,0,612
1,2,AA,19805,AA,N194AA,224,11298,1129806,DFW,14100,1410005,PHL,713,0,0700-0759,1052,0,0,0,1303
1,2,MQ,20398,MQ,N902BC,3600,13930,1393007,ORD,10408,1040805,ATW,1704,1,1600-1659,1843,1,0,0,161
1,2,MQ,20398,MQ,N677AE,3602,11980,1198002,GRI,11298,1129806,DFW,1131,0,1100-1159,1329,0,0,0,561
1,2,MQ,20398,MQ,N902BC,3603,10599,1059904,BHM,13930,1393007,ORD,1418,1,1300-1359,1634,1,0,0,583
1,2,MQ,20398,MQ,N902BC,3603,13930,1393007,ORD,10599,1059904,BHM,1143,0,1100-1159,1355,1,0,0,583
1,2,MQ,20398,MQ,N824AE,3604,10990,1099005,CHO,12953,1295304,LGA,1952,0,2000-2059,2059,0,0,0,305
1,2,MQ,20398,MQ,N824AE,3604,12953,1295304,LGA,10990,1099005,CHO,1754,0,1700-1759,1923,0,0,0,305
1,2,MQ,20398,MQ,N807AE,3606,11298,1129806,DFW,14960,1496002,SPS,1425,0,1400-1459,1513,0,0,0,113
1,2,AA,19805,AA,N711UW,1846,14122,1412202,PIT,11057,1105703,CLT,657,0,0700-0759,823,0,0,0,366
1,2,AA,19805,AA,N970UY,1847,11298,1129806,DFW,14747,1474703,SEA,948,1,0900-0959,1158,0,0,0,1660
1,2,AA,19805,AA,N970UY,1847,14747,1474703,SEA,11298,1129806,DFW,1250,0,1200-1259,1914,1,0,0,1660
1,2,AA,19805,AA,N151UW,1848,13204,1320402,MCO,14100,1410005,PHL,1620,0,1600-1659,1835,0,0,0,861
1,2,AA,19805,AA,N151UW,1848,14100,1410005,PHL,13204,1320402,MCO,1239,0,1200-1259,1511,0,0,0,861
1,2,AA,19805,AA,N837AN,2354,11298,1129806,DFW,12892,1289208,LAX,1903,0,1900-1959,2008,0,0,0,1235
1,2,AA,19805,AA,N957AN,2355,13303,1330303,MIA,13495,1349505,MSY,2147,0,2100-2159,2256,0,0,0,675
1,2,AA,19805,AA,N885NN,2356,11298,1129806,DFW,14492,1449202,RDU,1321,0,1300-1359,1636,0,0,0,1061
1,2,AA,19805,AA,N885NN,2356,14492,1449202,RDU,13930,1393007,ORD,1737,0,1700-1759,1906,0,0,0,646
1,2,AA,19805,AA,N939AN,2357,11298,1129806,DFW,14869,1486903,SLC,1341,1,1300-1359,1516,1,0,0,989
1,2,AA,19805,AA,N939AN,2357,14869,1486903,SLC,11298,1129806,DFW,1605,0,1500-1559,1939,0,0,0,989
1,2,AA,19805,AA,N965NN,2358,15376,1537604,TUS,13930,1393007,ORD,610,0,0600-0659,1028,0,0,0,1437
1,2,AA,19805,AA,N808NN,2360,11298,1129806,DFW,14869,1486903,SLC,947,1,0900-0959,1134,0,0,0,989
1,2,AA,19805,AA,N808NN,2360,14869,1486903,SLC,11298,1129806,DFW,1238,1,1200-1259,1618,1,0,0,989
1,2,AA,19805,AA,N123NN,2361,12892,1289208,LAX,13204,1320402,MCO,703,0,0700-0759,1438,0,0,0,2218
1,2,AA,19805,AA,N336RU,2362,13303,1330303,MIA,11278,1127805,DCA,2029,1,1900-1959,2249,1,0,0,919
1,2,AA,19805,AA,N998NN,2363,11298,1129806,DFW,11638,1163807,FAT,922,0,0900-0959,1045,0,0,0,1313
1,2,AA,19805,AA,N998NN,2363,11638,1163807,FAT,11298,1129806,DFW,1154,0,1100-1159,1706,0,0,0,1313
1,2,AA,19805,AA,N131NN,2364,13930,1393007,ORD,12892,1289208,LAX,1637,0,1600-1659,1909,0,0,0,1744
1,2,AA,19805,AA,N976NN,2366,13930,1393007,ORD,10397,1039707,ATL,1905,1,1800-1859,2157,1,0,0,606
1,2,AA,19805,AA,N966TW,2368,10821,1082106,BWI,11298,1129806,DFW,1501,0,1500-1559,1731,0,0,0,1217
1,2,AA,19805,AA,N966TW,2368,11298,1129806,DFW,10821,1082106,BWI,1033,0,1000-1059,1403,0,0,0,1217
1,2,AA,19805,AA,N810NN,2369,12478,1247805,JFK,14107,1410702,PHX,1019,0,1000-1059,1446,1,0,0,2153
1,2,AA,19805,AA,N940NN,2371,11618,1161802,EWR,14107,1410702,PHX,958,0,0900-0959,1405,0,0,0,2133
1,2,AA,19805,AA,N163AA,2372,11298,1129806,DFW,14683,1468305,SAT,1740,0,1700-1759,1852,0,0,0,247
1,2,AA,19805,AA,N163AA,2372,14683,1468305,SAT,11298,1129806,DFW,1944,0,1900-1959,2044,0,0,0,247
1,2,AA,19805,AA,N9616G,2373,11298,1129806,DFW,14685,1468502,SAV,1059,1,1000-1059,1402,1,0,0,925
1,2,AA,19805,AA,N9616G,2373,14685,1468502,SAV,11298,1129806,DFW,1450,1,1400-1459,1636,1,0,0,925
1,2,AA,19805,AA,N989AU,2374,14771,1477104,SFO,11298,1129806,DFW,641,0,0600-0659,1207,0,0,0,1464
1,2,AA,19805,AA,N990NN,2375,11298,1129806,DFW,14869,1486903,SLC,2026,1,1900-1959,2204,1,0,0,989
1,2,AA,19805,AA,N987NN,2376,11697,1169706,FLL,11298,1129806,DFW,2258,0,2200-2259,47,0,0,0,1119
1,2,AA,19805,AA,N9008U,2377,12441,1244102,JAC,11298,1129806,DFW,1418,1,1300-1359,1756,1,0,0,1047
1,2,AA,19805,AA,N9006,2377,13930,1393007,ORD,12441,1244102,JAC,945,0,0900-0959,1155,0,0,0,1162
1,2,AA,19805,AA,N928AM,2378,12892,1289208,LAX,11298,1129806,DFW,3,0,2300-2359,504,0,0,0,1235
1,2,AA,19805,AA,N879NN,2379,13930,1393007,ORD,14869,1486903,SLC,1035,1,1000-1059,1315,1,0,0,1250
1,2,AA,19805,AA,N879NN,2379,14869,1486903,SLC,13930,1393007,ORD,1403,1,1300-1359,1815,1,0,0,1250
1,2,AA,19805,AA,N346AN,2380,12889,1288903,LAS,14100,1410005,PHL,2249,0,2200-2259,605,0,0,0,2176
1,2,AA,19805,AA,N346AN,2380,14100,1410005,PHL,12889,1288903,LAS,1803,0,1800-1859,2040,0,0,0,2176
1,2,AA,19805,AA,N922AN,2381,13930,1393007,ORD,13487,1348702,MSP,1904,1,1700-1759,2027,1,0,0,334
1,2,AA,19805,AA,N9619V,2382,11298,1129806,DFW,13198,1319801,MCI,1035,0,1000-1059,1201,0,0,0,460
1,2,AA,19805,AA,N9619V,2382,13198,1319801,MCI,11298,1129806,DFW,1300,0,1300-1359,1449,0,0,0,460
1,2,AA,19805,AA,N691AA,2383,12478,1247805,JFK,13303,1330303,MIA,1729,0,1700-1759,2032,0,0,0,1089
1,2,AA,19805,AA,N961NN,2385,14492,1449202,RDU,13930,1393007,ORD,550,0,0001-0559,708,0,0,0,646
1,2,AA,19805,AA,N789AN,2386,11298,1129806,DFW,13303,1330303,MIA,726,0,0700-0759,1103,0,0,0,1121
1,2,AA,19805,AA,N791AN,2386,13303,1330303,MIA,11298,1129806,DFW,1219,0,1200-1259,1420,0,0,0,1121
1,2,AA,19805,AA,N9626F,2388,11298,1129806,DFW,11423,1142307,DSM,1441,0,1400-1459,1615,0,0,0,624
1,2,AA,19805,AA,N9626F,2388,11423,1142307,DSM,11298,1129806,DFW,1715,0,1700-1759,1940,1,0,0,624
1,2,AA,19805,AA,N9615W,2389,11298,1129806,DFW,14193,1419306,PNS,1319,0,1300-1359,1451,0,0,0,604
1,2,AA,19805,AA,N9615W,2389,14193,1419306,PNS,11298,1129806,DFW,1531,0,1500-1559,1728,0,0,0,604
1,2,AA,19805,AA,N850NN,2390,13204,1320402,MCO,13303,1330303,MIA,2129,0,2100-2159,2230,0,0,0,192
1,2,AA,19805,AA,N850NN,2390,13303,1330303,MIA,13204,1320402,MCO,1933,0,1900-1959,2043,0,0,0,192
1,2,AA,19805,AA,N321RL,2392,12953,1295304,LGA,13303,1330303,MIA,1644,0,1600-1659,2018,0,0,0,1096
1,2,AA,19805,AA,N137AA,2394,11298,1129806,DFW,12889,1288903,LAS,2122,1,2100-2159,2208,0,0,0,1055
1,2,AA,19805,AA,N842NN,2397,13487,1348702,MSP,13930,1393007,ORD,1211,1,1000-1059,1332,1,0,0,334
1,2,AA,19805,AA,N842NN,2397,13930,1393007,ORD,13487,1348702,MSP,1001,1,0800-0859,1116,1,0,0,334
1,2,AA,19805,AA,N355PU,2398,13204,1320402,MCO,13930,1393007,ORD,1657,0,1600-1659,1858,0,0,0,1005
1,2,AA,19805,AA,N355PU,2398,13930,1393007,ORD,13204,1320402,MCO,1226,0,1200-1259,1605,0,0,0,1005
1,2,AA,19805,AA,N9617R,2399,11298,1129806,DFW,11540,1154005,ELP,1333,0,1300-1359,1424,1,0,0,551
1,2,AA,19805,AA,N9617R,2399,11540,1154005,ELP,11298,1129806,DFW,1502,1,1400-1459,1736,0,0,0,551
1,2,AA,19805,AA,N8001N,2400,11298,1129806,DFW,15370,1537002,TUL,1925,1,1800-1859,2015,1,0,0,237
1,2,AA,19805,AA,N989NN,2401,11298,1129806,DFW,15304,1530402,TPA,1919,0,1900-1959,2231,0,0,0,929
1,2,AA,19805,AA,N983NN,2402,11298,1129806,DFW,14908,1490803,SNA,846,0,0800-0859,1003,0,0,0,1205
1,2,AA,19805,AA,N983NN,2402,14908,1490803,SNA,11298,1129806,DFW,1050,0,1000-1059,1532,0,0,0,1205
1,2,AA,19805,AA,N870NN,2403,11298,1129806,DFW,10397,1039707,ATL,2034,0,2000-2059,2340,0,0,0,731
1,2,AA,19805,AA,N931AN,2404,10423,1042302,AUS,11298,1129806,DFW,1421,0,1400-1459,1519,0,0,0,190
1,2,AA,19805,AA,N931AN,2404,11298,1129806,DFW,10423,1042302,AUS,1234,0,1200-1259,1338,0,0,0,190
1,2,AA,19805,AA,N895NN,2407,12889,1288903,LAS,13930,1393007,ORD,1152,0,1200-1259,1735,0,0,0,1514
1,2,AA,19805,AA,N314PD,2408,13204,1320402,MCO,13303,1330303,MIA,1824,0,1800-1859,1926,0,0,0,192
1,2,AA,19805,AA,N314PD,2408,13303,1330303,MIA,13204,1320402,MCO,1633,0,1600-1659,1735,0,0,0,192
1,2,AA,19805,AA,N851NN,2409,13930,1393007,ORD,15304,1530402,TPA,2022,1,1800-1859,19,1,0,0,1011
1,2,AA,19805,AA,N200NV,2411,13930,1393007,ORD,13204,1320402,MCO,1716,1,1500-1559,2103,1,0,0,1005
1,2,AA,19805,AA,N843NN,2412,13930,1393007,ORD,11298,1129806,DFW,927,1,0800-0859,1151,1,0,0,801
1,2,AA,19805,AA,N970AN,2413,10423,1042302,AUS,12892,1289208,LAX,551,0,0001-0559,712,0,0,0,1242
1,2,AA,19805,AA,N938NN,2414,13303,1330303,MIA,14843,1484306,SJU,1348,0,1300-1359,1715,0,0,0,1045
1,2,AA,19805,AA,N825NN,2415,14843,1484306,SJU,13303,1330303,MIA,1300,1,1200-1259,1448,1,0,0,1045
1,2,AA,19805,AA,N811AB,2418,11298,1129806,DFW,13930,1393007,ORD,1711,1,1600-1659,1917,1,0,0,801
1,2,AA,19805,AA,N138AN,2419,11298,1129806,DFW,12889,1288903,LAS,1527,0,1500-1559,1617,0,0,0,1055
1,2,AA,19805,AA,N983TW,2420,10140,1014005,ABQ,11298,1129806,DFW,1125,0,1100-1159,1437,1,0,0,569
1,2,AA,19805,AA,N983TW,2420,11298,1129806,DFW,10140,1014005,ABQ,932,0,0900-0959,1040,0,0,0,569
1,2,AA,19805,AA,N868NN,2421,13303,1330303,MIA,14771,1477104,SFO,1944,0,1900-1959,2254,0,0,0,2585
1,2,AA,19805,AA,N806NN,2423,12478,1247805,JFK,11298,1129806,DFW,1811,0,1800-1859,2110,0,0,0,1391
1,2,AA,19805,AA,N158AN,2424,11298,1129806,DFW,12892,1289208,LAX,853,0,0800-0859,1026,0,0,0,1235
1,2,AA,19805,AA,N872NN,2425,14262,1426204,PSP,11298,1129806,DFW,615,0,0600-0659,1115,0,0,0,1126
1,2,AA,19805,AA,N898NN,2426,11298,1129806,DFW,11996,1199603,GSP,2014,1,1900-1959,2311,1,0,0,862
1,2,AA,19805,AA,N338PK,2427,13930,1393007,ORD,15376,1537604,TUS,1354,1,1300-1359,1652,1,0,0,1437
1,2,AA,19805,AA,N338PK,2427,15376,1537604,TUS,13930,1393007,ORD,1735,1,1600-1659,2128,0,0,0,1437
1,2,AA,19805,AA,N910AN,2429,13930,1393007,ORD,11298,1129806,DFW,1543,1,1400-1459,1815,1,0,0,801
1,2,AA,19805,AA,N976AN,2430,11298,1129806,DFW,15304,1530402,TPA,1314,0,1300-1359,1629,0,0,0,929
1,2,AA,19805,AA,N976AN,2430,15304,1530402,TPA,11298,1129806,DFW,1720,0,1700-1759,1906,0,0,0,929
1,2,AA,19805,AA,N904AA,2431,12892,1289208,LAX,13930,1393007,ORD,1656,0,1700-1759,2239,0,0,0,1744
1,2,AA,19805,AA,N160AN,2433,11298,1129806,DFW,14057,1405702,PDX,1753,1,1700-1759,1944,0,0,0,1616
1,2,AA,19805,AA,N862NN,2434,14107,1410702,PHX,12478,1247805,JFK,1347,0,1300-1359,1956,0,0,0,2153
1,2,AA,19805,AA,N983TW,2435,14685,1468502,SAV,11298,1129806,DFW,554,0,0600-0659,745,0,0,0,925
1,2,AA,19805,AA,N820AL,2437,11298,1129806,DFW,12892,1289208,LAX,1232,0,1200-1259,1332,0,0,0,1235
1,2,AA,19805,AA,N820AL,2437,12892,1289208,LAX,11298,1129806,DFW,557,0,0600-0659,1110,0,0,0,1235
1,2,AA,19805,AA,N838AW,2439,10868,1086803,CAE,11298,1129806,DFW,1524,0,1500-1559,1710,0,0,0,922
1,2,AA,19805,AA,N838AW,2439,11298,1129806,DFW,10868,1086803,CAE,1124,0,1100-1159,1432,0,0,0,922
1,2,AA,19805,AA,N876NN,2442,12266,1226603,IAH,11298,1129806,DFW,819,0,0800-0859,926,0,0,0,224
1,2,AA,19805,AA,N336RU,2445,11292,1129202,DEN,13303,1330303,MIA,1131,1,1000-1059,1710,1,0,0,1709
1,2,AA,19805,AA,N336RU,2445,13303,1330303,MIA,11292,1129202,DEN,812,1,0700-0759,1025,1,0,0,1709
1,2,AA,19805,AA,N972NN,2446,13930,1393007,ORD,11278,1127805,DCA,1724,1,1700-1759,2000,0,0,0,612
1,2,AA,19805,AA,N951NN,2447,13930,1393007,ORD,14683,1468305,SAT,1604,1,1400-1459,1906,1,0,0,1041
1,2,AA,19805,AA,N951NN,2447,14683,1468305,SAT,13930,1393007,ORD,1948,1,1800-1859,2214,1,0,0,1041
1,2,AA,19805,AA,N980NN,2448,11298,1129806,DFW,14570,1457002,RNO,1742,0,1700-1759,1906,0,0,0,1345
1,2,AA,19805,AA,N800NN,2449,11298,1129806,DFW,12451,1245102,JAX,1925,1,1800-1859,2234,1,0,0,918
1,2,AA,19805,AA,N970NN,2450,13487,1348702,MSP,11298,1129806,DFW,1821,0,1800-1859,2110,0,0,0,852
1,2,AA,19805,AA,N970NN,2450,14107,1410702,PHX,13487,1348702,MSP,1328,0,1300-1359,1720,0,0,0,1276
1,2,AA,19805,AA,N130AN,2452,12892,1289208,LAX,13930,1393007,ORD,606,0,0600-0659,1142,0,0,0,1744
1,2,AA,19805,AA,N9620D,2453,14193,1419306,PNS,11298,1129806,DFW,700,0,0700-0759,926,0,0,0,604
1,2,AA,19805,AA,N119NN,2455,12892,1289208,LAX,10721,1072102,BOS,2139,0,2100-2159,606,1,0,0,2611
1,2,AA,19805,AA,N824NN,2456,13930,1393007,ORD,12889,1288903,LAS,1042,1,1000-1059,1302,1,0,0,1514
1,2,AA,19805,AA,N923AN,2457,13303,1330303,MIA,13930,1393007,ORD,2032,1,1900-1959,2239,1,0,0,1197
1,2,AA,19805,AA,N906NN,2458,14679,1467903,SAN,12478,1247805,JFK,925,1,0700-0759,1657,1,0,0,2446
1,2,AA,19805,AA,N125AA,2459,11298,1129806,DFW,12892,1289208,LAX,1425,0,1400-1459,1537,0,0,0,1235
1,2,AA,19805,AA,N125AA,2459,12892,1289208,LAX,11298,1129806,DFW,753,0,0700-0759,1250,0,0,0,1235
1,2,AA,19805,AA,N995AN,2460,12892,1289208,LAX,11298,1129806,DFW,1025,1,0900-0959,1510,1,0,0,1235
1,2,AA,19805,AA,N343PN,2461,12953,1295304,LGA,13930,1393007,ORD,2128,0,2100-2159,2307,0,0,0,733
1,2,AA,19805,AA,N170US,1879,11057,1105703,CLT,13204,1320402,MCO,2052,1,2000-2059,2228,1,0,0,468
1,2,AA,19805,AA,N749US,1880,11278,1127805,DCA,14100,1410005,PHL,714,0,0700-0759,757,0,0,0,119
1,2,AA,19805,AA,N963UW,1881,10529,1052906,BDL,14100,1410005,PHL,1008,0,1000-1059,1112,0,0,0,196
1,2,AA,19805,AA,N188US,1882,11057,1105703,CLT,12889,1288903,LAS,1646,0,1600-1659,1842,0,0,0,1916
1,2,AA,19805,AA,N926UW,1883,11057,1105703,CLT,13930,1393007,ORD,1428,0,1400-1459,1559,1,0,0,599
1,2,AA,19805,AA,N949UW,1884,14122,1412202,PIT,14100,1410005,PHL,1028,0,1000-1059,1125,0,0,0,268
1,2,AA,19805,AA,N559UW,1885,14107,1410702,PHX,11298,1129806,DFW,1247,1,1200-1259,1602,1,0,0,868
1,2,AA,19805,AA,N157UW,1886,11057,1105703,CLT,14100,1410005,PHL,1311,0,1300-1359,1442,0,0,0,449
1,2,AA,19805,AA,N544UW,1887,14107,1410702,PHX,14100,1410005,PHL,934,0,0900-0959,1520,0,0,0,2075
1,2,AA,19805,AA,N740UW,1888,11057,1105703,CLT,15016,1501606,STL,2236,0,2200-2259,2331,0,0,0,575
1,2,AA,19805,AA,N951UW,1889,14100,1410005,PHL,13198,1319801,MCI,2051,0,2100-2159,2319,0,0,0,1038
1,2,AA,19805,AA,N717UW,1890,13244,1324402,MEM,11057,1105703,CLT,904,0,0900-0959,1147,0,0,0,511
1,2,AA,19805,AA,N109UW,1891,11057,1105703,CLT,11618,1161802,EWR,1625,0,1600-1659,1808,0,0,0,529
1,2,AA,19805,AA,N109UW,1891,11618,1161802,EWR,11057,1105703,CLT,1858,0,1900-1959,2102,0,0,0,529
1,2,AA,19805,AA,N963UW,1892,14100,1410005,PHL,12266,1226603,IAH,2022,0,2000-2059,2315,0,0,0,1325
1,2,AA,19805,AA,N540UW,1893,11057,1105703,CLT,12953,1295304,LGA,1816,0,1800-1859,1949,0,0,0,544
1,2,AA,19805,AA,N553UW,1893,12953,1295304,LGA,11057,1105703,CLT,1451,0,1400-1459,1646,0,0,0,544
1,2,AA,19805,AA,N801AW,1894,14524,1452401,RIC,11057,1105703,CLT,1425,0,1400-1459,1547,0,0,0,257
1,2,AA,19805,AA,N549UW,1895,12892,1289208,LAX,14107,1410702,PHX,602,0,0600-0659,821,0,0,0,370
1,2,AA,19805,AA,N507AY,1896,13204,1320402,MCO,11057,1105703,CLT,647,0,0600-0659,832,0,0,0,468
1,2,AA,19805,AA,N725UW,1897,14027,1402702,PBI,11057,1105703,CLT,952,0,1000-1059,1146,0,0,0,590
1,2,AA,19805,AA,N186US,1898,10721,1072102,BOS,14100,1410005,PHL,1232,0,1200-1259,1402,0,0,0,280
1,2,AA,19805,AA,N186US,1898,14100,1410005,PHL,10721,1072102,BOS,1014,0,1000-1059,1121,0,0,0,280
1,2,AA,19805,AA,N287AY,1899,13204,1320402,MCO,14100,1410005,PHL,907,0,0900-0959,1130,0,0,0,861
1,2,AA,19805,AA,N196UW,1900,11697,1169706,FLL,11057,1105703,CLT,2122,0,2100-2159,2309,0,0,0,632
1,2,AA,19805,AA,N102UW,1901,12451,1245102,JAX,11057,1105703,CLT,2157,0,2200-2259,2318,0,0,0,328
1,2,AA,19805,AA,N804AW,1903,11057,1105703,CLT,13198,1319801,MCI,2152,0,2100-2159,2316,0,0,0,808
1,2,AA,19805,AA,N957UW,1904,13296,1329604,MHT,14100,1410005,PHL,1926,0,1900-1959,2059,0,0,0,289
1,2,AA,19805,AA,N957UW,1904,14100,1410005,PHL,13296,1329604,MHT,1731,0,1700-1759,1843,0,0,0,289
1,2,AA,19805,AA,N749US,1905,10257,1025702,ALB,11057,1105703,CLT,1928,1,1900-1959,2140,1,0,0,646
1,2,AA,19805,AA,N749US,1905,11057,1105703,CLT,10257,1025702,ALB,1628,0,1600-1659,1823,0,0,0,646
1,2,AA,19805,AA,N765US,1906,14100,1410005,PHL,14122,1412202,PIT,2034,0,2000-2059,2147,0,0,0,268
1,2,AA,19805,AA,N946UW,1907,10397,1039707,ATL,14100,1410005,PHL,722,0,0700-0759,909,0,0,0,666
1,2,AA,19805,AA,N193UW,1908,12889,1288903,LAS,11298,1129806,DFW,655,0,0600-0659,1130,0,0,0,1055
1,2,AA,19805,AA,N552UW,1909,14492,1449202,RDU,11057,1105703,CLT,2207,0,2200-2259,2312,0,0,0,130
1,2,AA,19805,AA,N816AW,1910,14492,1449202,RDU,12892,1289208,LAX,621,1,0600-0659,902,0,0,0,2239
1,2,AA,19805,AA,N680AW,1911,14524,1452401,RIC,11057,1105703,CLT,639,0,0600-0659,748,0,0,0,257
1,2,AA,19805,AA,N199UW,1912,11057,1105703,CLT,11298,1129806,DFW,2109,0,2100-2159,2307,0,0,0,936
1,2,AA,19805,AA,N188US,1913,12889,1288903,LAS,14107,1410702,PHX,1946,0,1900-1959,2156,0,0,0,255
1,2,AA,19805,AA,N521UW,1914,12892,1289208,LAX,13204,1320402,MCO,2226,0,2200-2259,605,0,0,0,2218
1,2,AA,19805,AA,N732US,1915,10721,1072102,BOS,11057,1105703,CLT,1038,0,1000-1059,1318,0,0,0,728
1,2,AA,19805,AA,N963UW,1916,13198,1319801,MCI,14100,1410005,PHL,1547,0,1500-1559,1910,0,0,0,1038
1,2,AA,19805,AA,N963UW,1916,14100,1410005,PHL,13198,1319801,MCI,1246,0,1200-1259,1505,0,0,0,1038
1,2,AA,19805,AA,N723UW,1917,13931,1393102,ORF,11057,1105703,CLT,654,0,0700-0759,825,0,0,0,290
1,2,AA,19805,AA,N552UW,1918,13930,1393007,ORD,14107,1410702,PHX,944,0,0900-0959,1258,0,0,0,1440
1,2,AA,19805,AA,N279AY,1919,14100,1410005,PHL,13204,1320402,MCO,1807,0,1800-1859,2050,0,0,0,861
1,2,AA,19805,AA,N557UW,1920,13930,1393007,ORD,14107,1410702,PHX,1403,0,1300-1359,1716,1,0,0,1440
1,2,AA,19805,AA,N812AW,1921,13303,1330303,MIA,15304,1530402,TPA,2140,0,2100-2159,2236,0,0,0,204
1,2,AA,19805,AA,N803AW,1922,11057,1105703,CLT,11278,1127805,DCA,1148,0,1100-1159,1300,0,0,0,331
1,2,AA,19805,AA,N803AW,1922,11278,1127805,DCA,11057,1105703,CLT,1343,0,1300-1359,1508,0,0,0,331
1,2,AA,19805,AA,N722US,1923,11057,1105703,CLT,10821,1082106,BWI,2235,0,2200-2259,2354,0,0,0,361
1,2,AA,19805,AA,N583UW,1924,11057,1105703,CLT,11697,1169706,FLL,950,0,0900-0959,1144,0,0,0,632
1,2,AA,19805,AA,N583UW,1924,11697,1169706,FLL,11057,1105703,CLT,1252,0,1200-1259,1444,0,0,0,632
1,2,AA,19805,AA,N912UY,1925,11057,1105703,CLT,12892,1289208,LAX,946,0,0900-0959,1221,0,0,0,2125
1,2,AA,19805,AA,N508AY,1925,12892,1289208,LAX,14100,1410005,PHL,1426,1,1400-1459,2157,0,0,0,2402
1,2,AA,19805,AA,N723UW,1926,11057,1105703,CLT,14122,1412202,PIT,1450,0,1400-1459,1609,0,0,0,366
1,2,AA,19805,AA,N723UW,1926,14122,1412202,PIT,11057,1105703,CLT,1649,0,1600-1659,1825,0,0,0,366
1,2,AA,19805,AA,N560UW,1927,14100,1410005,PHL,12892,1289208,LAX,2042,0,2000-2059,2351,0,0,0,2402
1,2,AA,19805,AA,N733UW,1928,10693,1069302,BNA,11057,1105703,CLT,736,0,0700-0759,952,0,0,0,328
1,2,AA,19805,AA,N545UW,1929,14057,1405702,PDX,11057,1105703,CLT,2319,0,2300-2359,648,0,0,0,2282
1,2,AA,19805,AA,N126UW,1930,11057,1105703,CLT,13495,1349505,MSY,727,0,0700-0759,831,0,0,0,651
1,2,AA,19805,AA,N126UW,1930,13495,1349505,MSY,11057,1105703,CLT,922,0,0900-0959,1205,0,0,0,651
1,2,AA,19805,AA,N658AW,1931,10821,1082106,BWI,14107,1410702,PHX,1706,0,1700-1759,2028,0,0,0,1999
1,2,AA,19805,AA,N658AW,1931,14107,1410702,PHX,10821,1082106,BWI,955,0,0900-0959,1551,0,0,0,1999
1,2,AA,19805,AA,N747UW,1932,11057,1105703,CLT,15016,1501606,STL,1321,0,1300-1359,1410,0,0,0,575
1,2,AA,19805,AA,N747UW,1932,15016,1501606,STL,11057,1105703,CLT,1458,0,1500-1559,1731,0,0,0,575
1,2,AA,19805,AA,N958UW,1933,14100,1410005,PHL,10423,1042302,AUS,2039,0,2000-2059,24,1,0,0,1430
1,2,MQ,20398,MQ,N854AE,3316,10155,1015502,ACT,11298,1129806,DFW,638,0,0600-0659,717,0,0,0,89
1,2,MQ,20398,MQ,N241NN,3317,11298,1129806,DFW,12992,1299206,LIT,1400,0,1400-1459,1503,0,0,0,304
1,2,MQ,20398,MQ,N241NN,3317,12992,1299206,LIT,11298,1129806,DFW,1548,0,1500-1559,1715,0,0,0,304
1,2,MQ,20398,MQ,N851AE,3319,10136,1013603,ABI,11298,1129806,DFW,1734,1,1700-1759,1850,1,0,0,158
1,2,MQ,20398,MQ,N851AE,3319,11298,1129806,DFW,10136,1013603,ABI,1618,1,1500-1559,1713,1,0,0,158
1,2,MQ,20398,MQ,N258NN,3320,11042,1104205,CLE,11298,1129806,DFW,1117,0,1100-1159,1338,0,0,0,1021
1,2,MQ,20398,MQ,N835AE,3321,11298,1129806,DFW,11415,1141501,DRT,2236,0,2200-2259,20,1,0,0,335
1,2,MQ,20398,MQ,N852AE,3322,11415,1141501,DRT,11298,1129806,DFW,707,0,0700-0759,811,0,0,0,335
1,2,MQ,20398,MQ,N231AN,3324,11298,1129806,DFW,14193,1419306,PNS,1026,0,1000-1059,1204,0,0,0,604
1,2,MQ,20398,MQ,N824AE,3327,11042,1104205,CLE,12478,1247805,JFK,702,0,0700-0759,830,0,0,0,425
1,2,MQ,20398,MQ,N246NN,3331,11298,1129806,DFW,15370,1537002,TUL,1116,0,1100-1159,1212,0,0,0,237
1,2,MQ,20398,MQ,N246NN,3331,15370,1537002,TUL,11298,1129806,DFW,1242,0,1200-1259,1405,0,0,0,237
1,2,MQ,20398,MQ,N678AE,3332,11066,1106606,CMH,13303,1330303,MIA,1152,0,1100-1159,1433,0,0,0,990
1,2,MQ,20398,MQ,N678AE,3332,13303,1330303,MIA,11066,1106606,CMH,835,0,0800-0859,1100,0,0,0,990
1,2,MQ,20398,MQ,N664MS,3334,13303,1330303,MIA,14122,1412202,PIT,929,0,0900-0959,1200,0,0,0,1013
1,2,MQ,20398,MQ,N664MS,3334,14122,1412202,PIT,13303,1330303,MIA,1242,0,1200-1259,1526,0,0,0,1013
1,2,MQ,20398,MQ,N816AE,3335,11057,1105703,CLT,11995,1199502,GSO,926,0,0900-0959,1007,0,0,0,83
1,2,MQ,20398,MQ,N816AE,3335,11995,1199502,GSO,12953,1295304,LGA,1044,0,1000-1059,1203,0,0,0,461
1,2,MQ,20398,MQ,N262NN,3337,13930,1393007,ORD,13871,1387102,OMA,2211,0,2200-2259,9,1,0,0,416
1,2,MQ,20398,MQ,N260NN,3338,13871,1387102,OMA,13930,1393007,ORD,906,0,0900-0959,1047,0,0,0,416
1,2,MQ,20398,MQ,N243NN,3339,10620,1062003,BIL,11298,1129806,DFW,1203,0,1200-1259,1550,0,0,0,1081
1,2,MQ,20398,MQ,N243NN,3339,11298,1129806,DFW,10620,1062003,BIL,929,0,0900-0959,1106,0,0,0,1081
1,2,MQ,20398,MQ,N250NN,3340,11298,1129806,DFW,12992,1299206,LIT,1021,0,1000-1059,1129,0,0,0,304
1,2,MQ,20398,MQ,N226NN,3341,13930,1393007,ORD,14122,1412202,PIT,2242,1,2200-2259,54,1,0,0,413
1,2,MQ,20398,MQ,N645AE,3342,10434,1043405,AVP,13930,1393007,ORD,902,1,0700-0759,1033,1,0,0,632
1,2,MQ,20398,MQ,N813AE,3343,11298,1129806,DFW,14814,1481402,SHV,843,0,0800-0859,941,0,0,0,190
1,2,MQ,20398,MQ,N813AE,3343,14814,1481402,SHV,11298,1129806,DFW,1010,0,1000-1059,1122,0,0,0,190
1,2,MQ,20398,MQ,N810AE,3344,13931,1393102,ORF,12953,1295304,LGA,900,0,0900-0959,1028,0,0,0,296
1,2,MQ,20398,MQ,N808AE,3346,11042,1104205,CLE,12953,1295304,LGA,1838,0,1800-1859,1951,0,0,0,419
1,2,MQ,20398,MQ,N800AE,3347,11049,1104902,CLL,11298,1129806,DFW,1344,0,1300-1359,1445,0,0,0,164
1,2,MQ,20398,MQ,N800AE,3347,11298,1129806,DFW,11049,1104902,CLL,1218,0,1200-1259,1325,0,0,0,164
1,2,MQ,20398,MQ,N670AE,3348,13930,1393007,ORD,10268,1026802,ALO,2053,0,2000-2059,2235,1,0,0,234
1,2,MQ,20398,MQ,N221NN,3349,14122,1412202,PIT,13930,1393007,ORD,811,0,0800-0859,909,0,0,0,413
1,2,MQ,20398,MQ,N696AE,3351,13930,1393007,ORD,15048,1504803,SUX,2047,0,2000-2059,2258,1,0,0,436
1,2,MQ,20398,MQ,N543EA,3352,10792,1079206,BUF,13930,1393007,ORD,1152,1,1100-1159,1251,0,0,0,473
1,2,MQ,20398,MQ,N543EA,3352,13930,1393007,ORD,10792,1079206,BUF,831,0,0800-0859,1124,1,0,0,473
1,2,MQ,20398,MQ,N812AE,3354,12478,1247805,JFK,14492,1449202,RDU,1203,0,1200-1259,1349,0,0,0,427
1,2,MQ,20398,MQ,N812AE,3354,14492,1449202,RDU,12953,1295304,LGA,1414,0,1400-1459,1549,0,0,0,431
1,2,MQ,20398,MQ,N822AE,3355,11298,1129806,DFW,11415,1141501,DRT,1336,0,1300-1359,1458,0,0,0,335
1,2,MQ,20398,MQ,N822AE,3355,11415,1141501,DRT,11298,1129806,DFW,1539,0,1500-1559,1647,0,0,0,335
1,2,MQ,20398,MQ,N222NS,3357,13930,1393007,ORD,12266,1226603,IAH,2044,1,2000-2059,5,1,0,0,925
1,2,MQ,20398,MQ,N260NN,3358,10397,1039707,ATL,13930,1393007,ORD,1608,0,1600-1659,1713,0,0,0,606
1,2,MQ,20398,MQ,N260NN,3358,13930,1393007,ORD,10397,1039707,ATL,1212,0,1200-1259,1539,0,0,0,606
1,2,MQ,20398,MQ,N679AE,3359,14685,1468502,SAV,13303,1330303,MIA,752,0,0800-0859,919,0,0,0,440
1,2,MQ,20398,MQ,N612AE,3360,13930,1393007,ORD,14783,1478302,SGF,956,0,1000-1059,1137,0,0,0,438
1,2,MQ,20398,MQ,N656AE,3362,11003,1100303,CID,13930,1393007,ORD,1330,1,1300-1359,1431,0,0,0,196
1,2,MQ,20398,MQ,N656AE,3362,13930,1393007,ORD,11003,1100303,CID,1140,0,1100-1159,1307,1,0,0,196
1,2,MQ,20398,MQ,N848AE,3364,11140,1114008,CRP,11298,1129806,DFW,1641,0,1600-1659,1805,0,0,0,354
1,2,MQ,20398,MQ,N848AE,3364,11298,1129806,DFW,11140,1114008,CRP,1443,0,1400-1459,1611,0,0,0,354
1,2,MQ,20398,MQ,N220NN,3367,11298,1129806,DFW,11982,1198202,GRK,1849,0,1800-1859,1954,0,0,0,134
1,2,MQ,20398,MQ,N220NN,3367,11982,1198202,GRK,11298,1129806,DFW,2025,0,2000-2059,2109,0,0,0,134
1,2,MQ,20398,MQ,N688AE,3369,10469,1046902,AZO,13930,1393007,ORD,1035,0,1000-1059,1056,0,0,0,122
1,2,MQ,20398,MQ,N688AE,3369,13930,1393007,ORD,10469,1046902,AZO,816,0,0800-0859,1002,0,0,0,122
1,2,MQ,20398,MQ,N673AE,3373,11298,1129806,DFW,15411,1541106,TYR,1808,1,1700-1759,1849,1,0,0,102
1,2,MQ,20398,MQ,N673AE,3373,15411,1541106,TYR,11298,1129806,DFW,1910,1,1800-1859,1957,1,0,0,102
1,2,MQ,20398,MQ,N833AE,3374,11433,1143302,DTW,12953,1295304,LGA,1023,1,1000-1059,1157,0,0,0,502
1,2,MQ,20398,MQ,N618AE,3375,13303,1330303,MIA,14685,1468502,SAV,1534,0,1500-1559,1657,0,0,0,440
1,2,MQ,20398,MQ,N618AE,3375,14685,1468502,SAV,13303,1330303,MIA,1743,0,1700-1759,1916,0,0,0,440
1,2,MQ,20398,MQ,N254NN,3377,12992,1299206,LIT,11298,1129806,DFW,1249,1,1200-1259,1416,1,0,0,304
1,2,MQ,20398,MQ,N228NN,3383,12992,1299206,LIT,11298,1129806,DFW,854,0,0900-0959,1037,0,0,0,304
1,2,MQ,20398,MQ,N265NN,3384,11298,1129806,DFW,15919,1591904,XNA,2208,0,2200-2259,2304,0,0,0,280
1,2,MQ,20398,MQ,N622AE,3387,11203,1120302,CWA,13930,1393007,ORD,944,0,0900-0959,1103,0,0,0,213
1,2,MQ,20398,MQ,N622AE,3387,13930,1393007,ORD,11203,1120302,CWA,810,0,0800-0859,921,0,0,0,213
1,2,MQ,20398,MQ,N538EG,3388,12992,1299206,LIT,13930,1393007,ORD,1607,1,1500-1559,1737,0,0,0,552
1,2,MQ,20398,MQ,N538EG,3388,13930,1393007,ORD,12992,1299206,LIT,1324,0,1300-1359,1543,1,0,0,552
1,2,MQ,20398,MQ,N667GB,3389,11193,1119302,CVG,13930,1393007,ORD,1903,1,0900-0959,1937,1,0,0,264
1,2,MQ,20398,MQ,N855AE,3390,12478,1247805,JFK,13931,1393102,ORF,1622,0,1600-1659,1748,0,0,0,290
1,2,MQ,20398,MQ,N855AE,3390,13931,1393102,ORF,12478,1247805,JFK,1823,0,1800-1859,1934,0,0,0,290
1,2,MQ,20398,MQ,N841AE,3391,11042,1104205,CLE,12478,1247805,JFK,1134,0,1100-1159,1256,0,0,0,425
1,2,MQ,20398,MQ,N805AE,3392,11995,1199502,GSO,11057,1105703,CLT,915,0,0900-0959,1025,0,0,0,83
1,2,MQ,20398,MQ,N846AE,3394,11298,1129806,DFW,13277,1327702,MGM,1024,0,1000-1059,1202,0,0,0,622
1,2,MQ,20398,MQ,N846AE,3394,13277,1327702,MGM,11298,1129806,DFW,1231,0,1200-1259,1444,0,0,0,622
1,2,MQ,20398,MQ,N220NN,3395,11298,1129806,DFW,11140,1114008,CRP,2240,1,2200-2259,12,1,0,0,354
1,2,MQ,20398,MQ,N251NN,3396,11140,1114008,CRP,11298,1129806,DFW,1220,0,1200-1259,1331,0,0,0,354
1,2,MQ,20398,MQ,N251NN,3396,11298,1129806,DFW,11140,1114008,CRP,1021,0,1000-1059,1136,0,0,0,354
1,2,MQ,20398,MQ,N535EA,3397,13198,1319801,MCI,13930,1393007,ORD,2045,1,1900-1959,2158,1,0,0,403
1,2,MQ,20398,MQ,N535EA,3397,13930,1393007,ORD,13198,1319801,MCI,1816,1,1700-1759,2017,1,0,0,403
1,2,MQ,20398,MQ,N619AE,3399,11637,1163703,FAR,13930,1393007,ORD,1615,1,1500-1559,1801,1,0,0,557
1,2,MQ,20398,MQ,N619AE,3399,13930,1393007,ORD,11637,1163703,FAR,1317,0,1300-1359,1540,1,0,0,557
1,2,MQ,20398,MQ,N267NN,3402,13930,1393007,ORD,14122,1412202,PIT,1525,0,1500-1559,1818,1,0,0,413
1,2,MQ,20398,MQ,N267NN,3402,14122,1412202,PIT,13930,1393007,ORD,1844,1,1800-1859,1944,1,0,0,413
1,2,MQ,20398,MQ,N664MS,3404,13303,1330303,MIA,14685,1468502,SAV,2129,0,2100-2159,2247,0,0,0,440
1,2,MQ,20398,MQ,N854AE,3405,11298,1129806,DFW,15411,1541106,TYR,838,0,0800-0859,925,0,0,0,102
1,2,MQ,20398,MQ,N854AE,3405,15411,1541106,TYR,11298,1129806,DFW,953,0,1000-1059,1036,0,0,0,102
1,2,MQ,20398,MQ,N688AE,3406,11203,1120302,CWA,13930,1393007,ORD,1634,0,1600-1659,1757,0,0,0,213
1,2,MQ,20398,MQ,N688AE,3406,13930,1393007,ORD,11203,1120302,CWA,1451,0,1400-1459,1605,0,0,0,213
1,2,MQ,20398,MQ,N664MS,3407,11996,1199603,GSP,13303,1330303,MIA,1836,0,1800-1859,2028,0,0,0,637
1,2,MQ,20398,MQ,N664MS,3407,13303,1330303,MIA,11996,1199603,GSP,1613,0,1600-1659,1801,0,0,0,637
1,2,MQ,20398,MQ,N529EA,3408,13930,1393007,ORD,11042,1104205,CLE,2315,1,2200-2259,139,1,0,0,315
1,2,MQ,20398,MQ,N698CB,3409,12884,1288403,LAN,13930,1393007,ORD,1505,1,1400-1459,1542,1,0,0,179
1,2,MQ,20398,MQ,N698CB,3409,13930,1393007,ORD,12884,1288403,LAN,1209,0,1200-1259,1440,1,0,0,179
1,2,MQ,20398,MQ,N618AE,3411,13303,1330303,MIA,11996,1199603,GSP,2143,0,2100-2159,2338,0,0,0,637
1,2,MQ,20398,MQ,N220NN,3412,11298,1129806,DFW,13256,1325602,MFE,1353,0,1300-1359,1528,0,0,0,469
1,2,MQ,20398,MQ,N220NN,3412,13256,1325602,MFE,11298,1129806,DFW,1601,0,1500-1559,1726,0,0,0,469
1,2,MQ,20398,MQ,N245NN,3413,11298,1129806,DFW,12992,1299206,LIT,1814,0,1800-1859,1932,0,0,0,304
1,2,MQ,20398,MQ,N245NN,3413,12992,1299206,LIT,11298,1129806,DFW,2003,0,1900-1959,2144,1,0,0,304
1,2,MQ,20398,MQ,N244NN,3415,10279,1027903,AMA,11298,1129806,DFW,1252,1,1000-1059,1404,1,0,0,312
1,2,MQ,20398,MQ,N244NN,3415,11298,1129806,DFW,10279,1027903,AMA,840,0,0800-0859,951,0,0,0,312
1,2,MQ,20398,MQ,N825AE,3416,11140,1114008,CRP,11298,1129806,DFW,2119,0,2100-2159,2241,0,0,0,354
1,2,MQ,20398,MQ,N854AE,3417,15074,1507402,SWO,11298,1129806,DFW,2140,0,2100-2159,2319,0,0,0,225
1,2,MQ,20398,MQ,N821AE,3420,12953,1295304,LGA,10693,1069302,BNA,1423,0,1400-1459,1640,1,0,0,764
1,2,MQ,20398,MQ,N645AE,3421,10599,1059904,BHM,11298,1129806,DFW,2303,1,2000-2059,111,1,0,0,597
1,2,MQ,20398,MQ,N223NN,3422,13198,1319801,MCI,13930,1393007,ORD,1437,1,1400-1459,1600,1,0,0,403
1,2,MQ,20398,MQ,N223NN,3422,13930,1393007,ORD,13198,1319801,MCI,1150,0,1100-1159,1400,1,0,0,403
1,2,MQ,20398,MQ,N932AE,3423,10874,1087402,CAK,11057,1105703,CLT,2140,1,2100-2159,2333,0,0,0,394
1,2,MQ,20398,MQ,N535EA,3424,11042,1104205,CLE,13930,1393007,ORD,1652,1,1600-1659,1733,1,0,0,315
1,2,MQ,20398,MQ,N535EA,3424,13930,1393007,ORD,11042,1104205,CLE,1346,1,1300-1359,1623,1,0,0,315
1,2,MQ,20398,MQ,N681AE,3425,10434,1043405,AVP,11057,1105703,CLT,2053,0,2100-2159,2314,0,0,0,509
1,2,MQ,20398,MQ,N803AE,3426,11298,1129806,DFW,13502,1350202,MTJ,1626,0,1600-1659,1741,0,0,0,722
1,2,MQ,20398,MQ,N803AE,3426,13502,1350202,MTJ,11298,1129806,DFW,1818,0,1800-1859,2132,0,0,0,722
1,2,MQ,20398,MQ,N678AE,3427,13303,1330303,MIA,14193,1419306,PNS,1544,0,1500-1559,1628,0,0,0,530
1,2,MQ,20398,MQ,N678AE,3427,14193,1419306,PNS,13303,1330303,MIA,1817,1,1700-1759,2054,1,0,0,530
1,2,MQ,20398,MQ,N841AE,3431,12953,1295304,LGA,11066,1106606,CMH,2021,0,2000-2059,2211,0,0,0,479
1,2,MQ,20398,MQ,N827AE,3432,11298,1129806,DFW,12891,1289102,LAW,2054,0,2000-2059,2152,0,0,0,140
1,2,MQ,20398,MQ,N835AE,3433,12891,1289102,LAW,11298,1129806,DFW,648,0,0700-0759,806,0,0,0,140
1,2,MQ,20398,MQ,N932AE,3434,11057,1105703,CLT,10874,1087402,CAK,2354,0,2300-2359,116,0,0,0,394
1,2,MQ,20398,MQ,N227NN,3435,11298,1129806,DFW,15919,1591904,XNA,1039,0,1000-1059,1143,0,0,0,280
1,2,MQ,20398,MQ,N227NN,3435,15919,1591904,XNA,11298,1129806,DFW,1223,0,1200-1259,1344,0,0,0,280
1,2,MQ,20398,MQ,N241NN,3436,11298,1129806,DFW,15919,1591904,XNA,1823,0,1800-1859,1928,0,0,0,280
1,2,MQ,20398,MQ,N822AE,3437,10155,1015502,ACT,11298,1129806,DFW,1948,0,1900-1959,2027,0,0,0,89
1,2,MQ,20398,MQ,N822AE,3437,11298,1129806,DFW,10155,1015502,ACT,1823,0,1800-1859,1917,0,0,0,89
1,2,MQ,20398,MQ,N244NN,3438,14814,1481402,SHV,11298,1129806,DFW,554,0,0600-0659,656,0,0,0,190
1,2,MQ,20398,MQ,N803AE,3439,11298,1129806,DFW,12951,1295106,LFT,1215,0,1200-1259,1345,0,0,0,351
1,2,MQ,20398,MQ,N803AE,3439,12951,1295106,LFT,11298,1129806,DFW,1407,0,1400-1459,1542,0,0,0,351
1,2,MQ,20398,MQ,N857AE,3440,11042,1104205,CLE,11057,1105703,CLT,2055,0,2100-2159,2256,0,0,0,430
1,2,MQ,20398,MQ,N836AE,3441,11193,1119302,CVG,12478,1247805,JFK,1239,0,1200-1259,1421,0,0,0,589
1,2,MQ,20398,MQ,N656AE,3442,11067,1106702,CMI,13930,1393007,ORD,949,0,0900-0959,1053,0,0,0,135
1,2,MQ,20398,MQ,N612AE,3443,13290,1329002,MHK,13930,1393007,ORD,528,0,0001-0559,656,0,0,0,501
1,2,MQ,20398,MQ,N675AE,3446,11996,1199603,GSP,13303,1330303,MIA,715,1,0600-0659,913,1,0,0,637
1,2,MQ,20398,MQ,N922AE,3448,13244,1324402,MEM,13303,1330303,MIA,1147,0,1100-1159,1503,0,0,0,859
1,2,MQ,20398,MQ,N922AE,3448,13303,1330303,MIA,13244,1324402,MEM,946,0,0900-0959,1104,0,0,0,859
1,2,MQ,20398,MQ,N538EG,3449,14524,1452401,RIC,13930,1393007,ORD,1100,0,1100-1159,1225,0,0,0,642
1,2,MQ,20398,MQ,N694AE,3450,14783,1478302,SGF,11057,1105703,CLT,1951,0,1900-1959,2308,0,0,0,708
1,2,MQ,20398,MQ,N933JN,3452,10469,1046902,AZO,13930,1393007,ORD,1923,1,1900-1959,1943,1,0,0,122
1,2,MQ,20398,MQ,N933JN,3452,13930,1393007,ORD,10469,1046902,AZO,1641,0,1600-1659,1905,1,0,0,122
1,2,MQ,20398,MQ,N645AE,3453,11986,1198603,GRR,13930,1393007,ORD,1828,1,1700-1759,1905,1,0,0,137
1,2,MQ,20398,MQ,N645AE,3453,13930,1393007,ORD,11986,1198603,GRR,1508,0,1500-1559,1757,1,0,0,137
1,2,MQ,20398,MQ,N689EC,3454,12339,1233904,IND,13303,1330303,MIA,1725,0,1700-1759,2001,0,0,0,1020
1,2,MQ,20398,MQ,N689EC,3454,13303,1330303,MIA,12339,1233904,IND,1359,0,1400-1459,1649,0,0,0,1020
1,2,MQ,20398,MQ,N533AE,3455,11423,1142307,DSM,13930,1393007,ORD,1927,1,1800-1859,2051,1,0,0,299
1,2,MQ,20398,MQ,N533AE,3455,13930,1393007,ORD,11423,1142307,DSM,1700,0,1700-1759,1856,1,0,0,299
1,2,MQ,20398,MQ,N922AE,3456,15412,1541205,TYS,13303,1330303,MIA,545,0,0001-0559,745,0,0,0,724
1,2,MQ,20398,MQ,N835AE,3457,10781,1078105,BTR,11298,1129806,DFW,1840,0,1800-1859,2006,0,0,0,383
1,2,MQ,20398,MQ,N835AE,3457,11298,1129806,DFW,10781,1078105,BTR,1649,0,1600-1659,1813,0,0,0,383
1,2,MQ,20398,MQ,N825AE,3458,11298,1129806,DFW,11140,1114008,CRP,1900,0,1900-1959,2035,0,0,0,354
1,2,MQ,20398,MQ,N528EG,3459,13930,1393007,ORD,10257,1025702,ALB,2002,1,1900-1959,2322,1,0,0,723
1,2,G4,20368,G4,226NV,2792,10431,1043105,AVL,11697,1169706,FLL,1620,0,1600-1659,1807,0,0,0,660
1,2,G4,20368,G4,231NV,1706,11697,1169706,FLL,11193,1119302,CVG,840,0,0800-0859,1102,0,0,0,932
1,2,G4,20368,G4,252NV,522,10466,1046602,AZA,11775,1177502,FSD,823,0,0800-0859,1140,0,0,0,1072
1,2,G4,20368,G4,257NV,1688,14082,1408202,PGD,11423,1142307,DSM,759,0,0800-0859,1036,1,0,0,1206
1,2,G4,20368,G4,250NV,570,10466,1046602,AZA,10666,1066602,BLI,745,0,0700-0759,950,0,0,0,1208
1,2,G4,20368,G4,253NV,1695,14122,1412202,PIT,14082,1408202,PGD,1537,0,1500-1559,1801,0,0,0,941
1,2,G4,20368,G4,254NV,2184,14761,1476106,SFB,10627,1062702,BIS,1415,0,1400-1459,1720,0,0,0,1628
1,2,G4,20368,G4,226NV,2790,10431,1043105,AVL,11697,1169706,FLL,1049,0,1100-1159,1304,0,0,0,660
1,2,G4,20368,G4,327NV,2805,14986,1498603,SRQ,11193,1119302,CVG,1456,1,1400-1459,1701,1,0,0,812
1,2,G4,20368,G4,336NV,340,12892,1289208,LAX,13264,1326403,MFR,757,0,0800-0859,1010,1,0,0,630
1,2,G4,20368,G4,311NV,701,14262,1426204,PSP,10666,1066602,BLI,1144,0,1100-1159,1446,0,0,0,1078
1,2,G4,20368,G4,220NV,2183,11986,1198603,GRR,14761,1476106,SFB,1900,0,1900-1959,2143,0,0,0,1001
1,2,G4,20368,G4,261NV,1325,13495,1349505,MSY,11193,1119302,CVG,1646,0,1600-1659,1930,0,0,0,701
1,2,G4,20368,G4,249NV,536,10466,1046602,AZA,11637,1163703,FAR,820,0,0800-0859,1159,0,0,0,1220
1,2,G4,20368,G4,257NV,1660,14082,1408202,PGD,11823,1182304,FWA,1554,1,1500-1559,1817,1,0,0,986
1,2,G4,20368,G4,256NV,2110,14761,1476106,SFB,13230,1323002,MDT,1145,0,1100-1159,1355,0,0,0,827
1,2,G4,20368,G4,253NV,1692,14082,1408202,PGD,12917,1291703,LCK,622,0,0600-0659,827,0,0,0,890
1,2,G4,20368,G4,273NV,1303,14112,1411206,PIE,11193,1119302,CVG,1121,0,1100-1159,1323,0,0,0,776
1,2,G4,20368,G4,258NV,1658,14082,1408202,PGD,14696,1469608,SBN,1512,0,1500-1559,1755,0,0,0,1049
1,2,G4,20368,G4,224NV,1811,14082,1408202,PGD,12339,1233904,IND,1652,0,1700-1759,1905,0,0,0,916
1,2,G4,20368,G4,247NV,1607,10676,1067602,BLV,14082,1408202,PGD,1528,1,1500-1559,1837,0,0,0,921
1,2,G4,20368,G4,225NV,2809,12889,1288903,LAS,11193,1119302,CVG,1424,1,1300-1359,2054,1,0,0,1678
1,2,G4,20368,G4,234NV,2204,14761,1476106,SFB,15370,1537002,TUL,849,0,0900-0959,1030,0,0,0,995
1,2,G4,20368,G4,222NV,1611,14730,1473003,SDF,14082,1408202,PGD,1718,0,1700-1759,1931,0,0,0,806
1,2,G4,20368,G4,217NV,2795,14761,1476106,SFB,10431,1043105,AVL,1933,0,1900-1959,2053,0,0,0,465
1,2,G4,20368,G4,308NV,2731,14025,1402501,PBG,14112,1411206,PIE,1527,0,1500-1559,1852,0,0,0,1262
1,2,G4,20368,G4,255NV,532,10466,1046602,AZA,14314,1431402,PVU,636,0,0600-0659,801,0,0,0,477
1,2,G4,20368,G4,216NV,800,14112,1411206,PIE,15295,1529502,TOL,815,0,0800-0859,1030,0,0,0,945
1,2,G4,20368,G4,314NV,703,12892,1289208,LAX,10666,1066602,BLI,1117,0,1100-1159,1418,0,0,0,1047
1,2,G4,20368,G4,221NV,2236,14761,1476106,SFB,10581,1058102,BGR,1433,0,1400-1459,1725,0,0,0,1299
1,2,G4,20368,G4,309NV,1903,10676,1067602,BLV,15624,1562404,VPS,916,1,1700-1759,1057,1,0,0,587
1,2,G4,20368,G4,231NV,1703,12945,1294503,LEX,11697,1169706,FLL,1955,0,2000-2059,2204,0,0,0,865
1,2,G4,20368,G4,247NV,1601,11986,1198603,GRR,14082,1408202,PGD,929,0,0900-0959,1239,1,0,0,1118
1,2,G4,20368,G4,223NV,2870,12339,1233904,IND,14761,1476106,SFB,830,0,0800-0859,1042,0,0,0,807
1,2,G4,20368,G4,233NV,1700,11697,1169706,FLL,14025,1402501,PBG,920,0,0900-0959,1225,0,0,0,1334
1,2,G4,20368,G4,314NV,702,10666,1066602,BLI,12892,1289208,LAX,752,0,0800-0859,1015,0,0,0,1047
1,2,G4,20368,G4,246NV,574,10466,1046602,AZA,14252,1425202,PSC,806,0,0800-0859,938,0,0,0,977
1,2,G4,20368,G4,222NV,1610,14082,1408202,PGD,14730,1473003,SDF,1426,0,1400-1459,1629,0,0,0,806
1,2,G4,20368,G4,254NV,2156,14761,1476106,SFB,10408,1040805,ATW,651,0,0700-0759,835,0,0,0,1141
1,2,G4,20368,G4,253NV,1694,14082,1408202,PGD,14122,1412202,PIT,1237,0,1200-1259,1448,0,0,0,941
1,2,G4,20368,G4,233NV,1777,12544,1254403,USA,11697,1169706,FLL,2030,0,2000-2059,2221,0,0,0,643
1,2,G4,20368,G4,258NV,1659,14696,1469608,SBN,14082,1408202,PGD,1844,0,1800-1859,2110,0,0,0,1049
1,2,G4,20368,G4,226NV,2791,11697,1169706,FLL,10431,1043105,AVL,1349,0,1300-1359,1538,0,0,0,660
1,2,G4,20368,G4,256NV,2111,13230,1323002,MDT,14761,1476106,SFB,1439,0,1400-1459,1657,0,0,0,827
1,2,G4,20368,G4,327NV,2804,11193,1119302,CVG,14986,1498603,SRQ,1156,1,1100-1159,1404,1,0,0,812
1,2,G4,20368,G4,311NV,700,10666,1066602,BLI,14262,1426204,PSP,822,0,0800-0859,1051,0,0,0,1078
1,2,G4,20368,G4,228NV,2733,10581,1058102,BGR,14112,1411206,PIE,1445,0,1500-1559,1824,0,0,0,1394
1,2,G4,20368,G4,230NV,1812,12339,1233904,IND,14112,1411206,PIE,756,0,0800-0859,1011,0,0,0,840
1,2,G4,20368,G4,271NV,2177,11721,1172105,FNT,14761,1476106,SFB,1534,1,1500-1559,1823,1,0,0,988
1,2,G4,20368,G4,330NV,2729,12265,1226505,IAG,14112,1411206,PIE,1518,0,1500-1559,1805,0,0,0,1069
1,2,G4,20368,G4,274NV,2793,11697,1169706,FLL,10431,1043105,AVL,1930,1,1900-1959,2113,0,0,0,660
1,2,G4,20368,G4,318NV,1016,13796,1379608,OAK,11603,1160302,EUG,1048,1,0900-0959,1220,1,0,0,445
1,2,G4,20368,G4,336NV,2651,14783,1478302,SGF,12892,1289208,LAX,1916,0,1900-1959,2051,0,0,0,1423
1,2,G4,20368,G4,250NV,2692,10466,1046602,AZA,11898,1189802,GFK,1522,0,1500-1559,1916,0,0,0,1260
1,2,G4,20368,G4,308NV,2730,14112,1411206,PIE,14025,1402501,PBG,1146,0,1200-1259,1428,0,0,0,1262
1,2,G4,20368,G4,247NV,1606,14082,1408202,PGD,10676,1067602,BLV,1329,1,1300-1359,1445,1,0,0,921
1,2,G4,20368,G4,250NV,571,10666,1066602,BLI,10466,1046602,AZA,1031,0,1000-1059,1425,0,0,0,1208
1,2,G4,20368,G4,249NV,591,12280,1228002,IDA,10466,1046602,AZA,1912,0,1900-1959,2208,1,0,0,704
1,2,G4,20368,G4,318NV,1002,13796,1379608,OAK,10666,1066602,BLI,1504,1,1300-1359,1713,1,0,0,764
1,2,G4,20368,G4,254NV,2185,10627,1062702,BIS,14761,1476106,SFB,1805,0,1700-1759,2223,0,0,0,1628
1,2,G4,20368,G4,261NV,1324,11193,1119302,CVG,13495,1349505,MSY,1458,0,1500-1559,1606,0,0,0,701
1,2,G4,20368,G4,330NV,2728,14112,1411206,PIE,12265,1226505,IAG,1145,0,1200-1259,1418,0,0,0,1069
1,2,G4,20368,G4,224NV,1810,12339,1233904,IND,14082,1408202,PGD,1357,0,1400-1459,1616,0,0,0,916
1,2,G4,20368,G4,326NV,2104,14761,1476106,SFB,10685,1068502,BMI,755,0,0800-0859,924,0,0,0,917
1,2,G4,20368,G4,251NV,1602,14082,1408202,PGD,14307,1430705,PVD,1551,0,1500-1559,1825,0,0,0,1184
1,2,G4,20368,G4,220NV,2182,14761,1476106,SFB,11986,1198603,GRR,1545,0,1500-1559,1815,0,0,0,1001
1,2,G4,20368,G4,273NV,1300,11193,1119302,CVG,14761,1476106,SFB,1416,0,1400-1459,1614,0,0,0,735
1,2,G4,20368,G4,250NV,2693,11898,1189802,GFK,10466,1046602,AZA,2001,0,2000-2059,2159,0,0,0,1260
1,2,G4,20368,G4,258NV,1609,13230,1323002,MDT,14082,1408202,PGD,1155,1,1100-1159,1430,1,0,0,963
1,2,G4,20368,G4,306NV,34,12889,1288903,LAS,14570,1457002,RNO,854,0,0900-0959,1011,0,0,0,345
1,2,G4,20368,G4,232NV,806,14112,1411206,PIE,14783,1478302,SGF,1303,0,1300-1359,1427,0,0,0,895
1,2,G4,20368,G4,232NV,818,14112,1411206,PIE,12544,1254403,USA,1914,0,1900-1959,2041,0,0,0,528
1,2,G4,20368,G4,227NV,2874,12339,1233904,IND,14986,1498603,SRQ,1630,1,1500-1559,1846,1,0,0,876
1,2,G4,20368,G4,259NV,2180,14761,1476106,SFB,13367,1336705,MLI,1750,0,1700-1759,1926,0,0,0,1018
1,2,G4,20368,G4,217NV,2794,10431,1043105,AVL,14761,1476106,SFB,1707,0,1700-1759,1834,0,0,0,465
1,2,G4,20368,G4,228NV,2732,14112,1411206,PIE,10581,1058102,BGR,1058,0,1100-1159,1356,0,0,0,1394
1,2,G4,20368,G4,234NV,2205,15370,1537002,TUL,14761,1476106,SFB,1130,0,1100-1159,1447,0,0,0,995
1,2,G4,20368,G4,240NV,889,10135,1013505,ABE,14112,1411206,PIE,1430,0,1400-1459,1659,0,0,0,970
1,2,OH,20397,OH,N256PS,5279,11057,1105703,CLT,11146,1114606,CRW,2216,0,2200-2259,2322,0,0,0,221
1,2,OH,20397,OH,N566NN,5280,10434,1043405,AVP,11057,1105703,CLT,1817,0,1800-1859,2041,0,0,0,509
1,2,OH,20397,OH,N566NN,5280,11057,1105703,CLT,10434,1043405,AVP,1614,0,1600-1659,1749,0,0,0,509
1,2,OH,20397,OH,N553NN,5281,10990,1099005,CHO,11057,1105703,CLT,2126,0,2100-2159,2231,0,0,0,245
1,2,OH,20397,OH,N582NN,5283,11057,1105703,CLT,14307,1430705,PVD,956,0,1000-1059,1151,0,0,0,683
1,2,OH,20397,OH,N582NN,5283,14307,1430705,PVD,11057,1105703,CLT,1227,0,1200-1259,1452,0,0,0,683
1,2,OH,20397,OH,N705PS,5284,11057,1105703,CLT,15249,1524906,TLH,2225,0,2200-2259,22,1,0,0,386
1,2,OH,20397,OH,N230PS,5285,11612,1161206,EVV,11057,1105703,CLT,535,0,0001-0559,801,0,0,0,414
1,2,OH,20397,OH,N559NN,5286,12264,1226402,IAD,11057,1105703,CLT,2133,0,2100-2159,2301,0,0,0,322
1,2,OH,20397,OH,N508AE,5287,11057,1105703,CLT,12264,1226402,IAD,2354,0,2300-2359,102,0,0,0,322
1,2,OH,20397,OH,N702PS,5288,11057,1105703,CLT,11996,1199603,GSP,2356,0,2300-2359,29,0,0,0,75
1,2,OH,20397,OH,N254PS,5289,11278,1127805,DCA,12197,1219702,HPN,2304,1,2200-2259,9,1,0,0,234
1,2,OH,20397,OH,N566NN,5290,13360,1336003,MLB,11057,1105703,CLT,832,0,0800-0859,1014,0,0,0,490
1,2,OH,20397,OH,N537EA,5291,11057,1105703,CLT,11617,1161708,EWN,1747,0,1700-1759,1847,0,0,0,221
1,2,OH,20397,OH,N537EA,5291,11617,1161708,EWN,11057,1105703,CLT,1916,0,1900-1959,2043,0,0,0,221
1,2,OH,20397,OH,N549NN,5293,11057,1105703,CLT,13931,1393102,ORF,1614,0,1600-1659,1718,0,0,0,290
1,2,OH,20397,OH,N549NN,5293,13931,1393102,ORF,11057,1105703,CLT,1757,0,1800-1859,1918,0,0,0,290
1,2,OH,20397,OH,N716PS,5294,11278,1127805,DCA,11423,1142307,DSM,1626,1,1400-1459,1836,1,0,0,897
1,2,OH,20397,OH,N708PS,5295,12478,1247805,JFK,11278,1127805,DCA,1714,0,1700-1759,1824,0,0,0,213
1,2,OH,20397,OH,N509AE,5297,15295,1529502,TOL,11057,1105703,CLT,627,0,0600-0659,756,0,0,0,466
1,2,OH,20397,OH,N553NN,5298,11057,1105703,CLT,14193,1419306,PNS,1127,0,1100-1159,1227,0,0,0,488
1,2,OH,20397,OH,N553NN,5298,14193,1419306,PNS,11057,1105703,CLT,1258,0,1200-1259,1534,0,0,0,488
1,2,OH,20397,OH,N516AE,5299,11057,1105703,CLT,12339,1233904,IND,1443,0,1400-1459,1619,0,0,0,427
1,2,OH,20397,OH,N516AE,5299,12339,1233904,IND,11278,1127805,DCA,1659,0,1700-1759,1815,0,0,0,500
1,2,OH,20397,OH,N592NN,5300,14100,1410005,PHL,11193,1119302,CVG,2029,0,2000-2059,2225,0,0,0,507
1,2,OH,20397,OH,N583NN,5301,13296,1329604,MHT,11057,1105703,CLT,2030,0,2000-2059,2335,0,0,0,737
1,2,OH,20397,OH,N530EA,5303,11003,1100303,CID,11057,1105703,CLT,634,0,0600-0659,927,0,0,0,742
1,2,OH,20397,OH,N557NN,5304,11057,1105703,CLT,13360,1336003,MLB,2121,0,2100-2159,2255,0,0,0,490
1,2,OH,20397,OH,N247JS,5305,11278,1127805,DCA,10874,1087402,CAK,1932,0,1900-1959,2047,0,0,0,274
1,2,OH,20397,OH,N517AE,5306,10208,1020803,AGS,11057,1105703,CLT,920,0,0900-0959,1026,0,0,0,140
1,2,OH,20397,OH,N589NN,5307,10994,1099402,CHS,11057,1105703,CLT,1552,0,1500-1559,1658,0,0,0,168
1,2,OH,20397,OH,N589NN,5307,11057,1105703,CLT,10994,1099402,CHS,1422,0,1400-1459,1522,0,0,0,168
1,2,OH,20397,OH,N599NN,5308,10990,1099005,CHO,11057,1105703,CLT,1038,0,1000-1059,1149,0,0,0,245
1,2,OH,20397,OH,N257PS,5309,10980,1098002,CHA,11278,1127805,DCA,1202,0,1200-1259,1327,0,0,0,523
1,2,OH,20397,OH,N565NN,5310,11057,1105703,CLT,13244,1324402,MEM,1637,0,1600-1659,1733,0,0,0,511
1,2,OH,20397,OH,N565NN,5310,13244,1324402,MEM,11057,1105703,CLT,1808,0,1800-1859,2052,0,0,0,511
1,2,OH,20397,OH,N598NN,5311,11057,1105703,CLT,13577,1357702,MYR,1630,1,1600-1659,1720,1,0,0,157
1,2,OH,20397,OH,N598NN,5311,13577,1357702,MYR,11057,1105703,CLT,1750,0,1700-1759,1858,0,0,0,157
1,2,OH,20397,OH,N207PS,5312,11057,1105703,CLT,14108,1410803,PIA,1110,0,1100-1159,1216,0,0,0,607
1,2,OH,20397,OH,N207PS,5312,14108,1410803,PIA,11057,1105703,CLT,1253,0,1200-1259,1547,0,0,0,607
1,2,OH,20397,OH,N250PS,5313,10868,1086803,CAE,11278,1127805,DCA,1956,1,1900-1959,2107,0,0,0,408
1,2,OH,20397,OH,N250PS,5313,11278,1127805,DCA,10868,1086803,CAE,1756,1,1700-1759,1930,1,0,0,408
1,2,OH,20397,OH,N570NN,5314,10135,1013505,ABE,11057,1105703,CLT,1122,0,1100-1159,1336,0,0,0,481
1,2,OH,20397,OH,N570NN,5314,11057,1105703,CLT,10135,1013505,ABE,918,0,0900-0959,1045,0,0,0,481
1,2,OH,20397,OH,N584NN,5315,11057,1105703,CLT,11252,1125203,DAB,2026,0,2000-2059,2201,0,0,0,416
1,2,OH,20397,OH,N578NN,5316,11057,1105703,CLT,14524,1452401,RIC,1617,0,1600-1659,1720,0,0,0,257
1,2,OH,20397,OH,N578NN,5316,14524,1452401,RIC,11057,1105703,CLT,1751,0,1700-1759,1911,0,0,0,257
1,2,OH,20397,OH,N594NN,5317,12264,1226402,IAD,11057,1105703,CLT,1201,0,1200-1259,1325,0,0,0,322
1,2,OH,20397,OH,N597NN,5320,11057,1105703,CLT,12264,1226402,IAD,1155,0,1100-1159,1306,0,0,0,322
1,2,OH,20397,OH,N597NN,5320,12264,1226402,IAD,11057,1105703,CLT,1344,0,1300-1359,1513,0,0,0,322
1,2,OH,20397,OH,N534EA,5321,11057,1105703,CLT,11267,1126702,DAY,1746,0,1700-1759,1908,0,0,0,370
1,2,OH,20397,OH,N534EA,5321,11267,1126702,DAY,11057,1105703,CLT,1947,0,1900-1959,2115,0,0,0,370
1,2,OH,20397,OH,N544AE,5322,12448,1244807,JAN,11057,1105703,CLT,527,0,0001-0559,813,0,0,0,562
1,2,OH,20397,OH,N588NN,5323,11057,1105703,CLT,15370,1537002,TUL,1121,0,1100-1159,1316,0,0,0,842
1,2,OH,20397,OH,N588NN,5323,15370,1537002,TUL,11057,1105703,CLT,1354,1,1300-1359,1703,0,0,0,842
1,2,OH,20397,OH,N589NN,5324,10874,1087402,CAK,11057,1105703,CLT,1105,0,1100-1159,1232,0,0,0,394
1,2,OH,20397,OH,N589NN,5324,11057,1105703,CLT,10874,1087402,CAK,858,0,0900-0959,1013,0,0,0,394
1,2,OH,20397,OH,N501BG,5325,14730,1473003,SDF,11278,1127805,DCA,1452,0,1500-1559,1620,0,0,0,474
1,2,OH,20397,OH,N246PS,5327,11057,1105703,CLT,11617,1161708,EWN,1621,0,1600-1659,1713,0,0,0,221
1,2,OH,20397,OH,N246PS,5327,11617,1161708,EWN,11057,1105703,CLT,1746,0,1700-1759,1904,0,0,0,221
1,2,OH,20397,OH,N526EA,5328,11057,1105703,CLT,15919,1591904,XNA,1613,0,1600-1659,1808,1,0,0,754
1,2,OH,20397,OH,N526EA,5328,15919,1591904,XNA,11057,1105703,CLT,1835,0,1800-1859,2136,0,0,0,754
1,2,OH,20397,OH,N509AE,5329,11057,1105703,CLT,11953,1195302,GNV,1754,0,1700-1759,1915,0,0,0,388
1,2,OH,20397,OH,N509AE,5329,11953,1195302,GNV,11057,1105703,CLT,1947,0,1900-1959,2114,0,0,0,388
1,2,OH,20397,OH,N591NN,5333,10397,1039707,ATL,11057,1105703,CLT,1356,0,1300-1359,1508,0,0,0,226
1,2,OH,20397,OH,N591NN,5333,11057,1105703,CLT,10397,1039707,ATL,1154,0,1200-1259,1321,0,0,0,226
1,2,OH,20397,OH,N580NN,5334,15412,1541205,TYS,11057,1105703,CLT,2131,0,2100-2159,2244,0,0,0,177
1,2,OH,20397,OH,N223JS,5337,13422,1342202,MOB,11057,1105703,CLT,937,0,0900-0959,1214,0,0,0,526
1,2,OH,20397,OH,N585NN,5338,11057,1105703,CLT,10980,1098002,CHA,2018,1,1900-1959,2128,1,0,0,241
1,2,OH,20397,OH,N563NN,5339,10980,1098002,CHA,11057,1105703,CLT,708,0,0700-0759,821,0,0,0,241
1,2,OH,20397,OH,N246PS,5341,11146,1114606,CRW,11057,1105703,CLT,1358,1,1100-1159,1518,1,0,0,221
1,2,OH,20397,OH,N556NN,5342,12323,1232305,ILM,11057,1105703,CLT,1843,1,1800-1859,1946,1,0,0,185
1,2,OH,20397,OH,N556NN,5342,14100,1410005,PHL,12323,1232305,ILM,1537,0,1500-1559,1716,0,0,0,413
1,2,OH,20397,OH,N578NN,5343,11057,1105703,CLT,14685,1468502,SAV,916,0,0900-0959,1017,0,0,0,213
1,2,OH,20397,OH,N578NN,5343,14685,1468502,SAV,11057,1105703,CLT,1050,0,1000-1059,1158,0,0,0,213
1,2,OH,20397,OH,N586NN,5052,11057,1105703,CLT,12264,1226402,IAD,2213,0,2200-2259,2323,0,0,0,322
1,2,OH,20397,OH,N206PS,5053,11267,1126702,DAY,11278,1127805,DCA,1831,1,1700-1759,1940,1,0,0,391
1,2,OH,20397,OH,N510AE,5054,15016,1501606,STL,13930,1393007,ORD,1938,0,1900-1959,2120,0,0,0,258
1,2,OH,20397,OH,N554NN,5056,11057,1105703,CLT,13244,1324402,MEM,2011,0,2000-2059,2108,0,0,0,511
1,2,OH,20397,OH,N514AE,5057,11057,1105703,CLT,11953,1195302,GNV,1340,1,1300-1359,1456,0,0,0,388
1,2,OH,20397,OH,N514AE,5057,11953,1195302,GNV,11057,1105703,CLT,1534,1,1500-1559,1656,0,0,0,388
1,2,OH,20397,OH,N503AE,5058,11996,1199603,GSP,11057,1105703,CLT,738,0,0700-0759,838,0,0,0,75
1,2,OH,20397,OH,N567NN,5059,11057,1105703,CLT,11433,1143302,DTW,1846,0,1800-1859,2048,0,0,0,500
1,2,OH,20397,OH,N220PS,5060,11267,1126702,DAY,11057,1105703,CLT,1022,0,1000-1059,1207,0,0,0,370
1,2,OH,20397,OH,N720PS,5061,11057,1105703,CLT,11641,1164102,FAY,1,0,2300-2359,50,0,0,0,118
1,2,OH,20397,OH,N551NN,5062,11057,1105703,CLT,14986,1498603,SRQ,1613,1,1500-1559,1756,1,0,0,547
1,2,OH,20397,OH,N551NN,5062,14986,1498603,SRQ,11057,1105703,CLT,1824,1,1700-1759,2006,1,0,0,547
1,2,OH,20397,OH,N260JS,5063,11278,1127805,DCA,15412,1541205,TYS,1256,0,1200-1259,1436,0,0,0,437
1,2,OH,20397,OH,N548NN,5064,11057,1105703,CLT,11066,1106606,CMH,2220,0,2200-2259,2349,0,0,0,347
1,2,OH,20397,OH,N506AE,5065,12264,1226402,IAD,11057,1105703,CLT,626,0,0600-0659,750,0,0,0,322
1,2,OH,20397,OH,N595NN,5066,11057,1105703,CLT,11066,1106606,CMH,1758,0,1700-1759,1914,0,0,0,347
1,2,OH,20397,OH,N595NN,5066,11066,1106606,CMH,11057,1105703,CLT,2001,0,1900-1959,2132,0,0,0,347
1,2,OH,20397,OH,N520DC,5067,11057,1105703,CLT,15919,1591904,XNA,2224,0,2200-2259,2354,0,0,0,754
1,2,OH,20397,OH,N510AE,5068,15016,1501606,STL,14100,1410005,PHL,857,0,0900-0959,1152,0,0,0,814
1,2,OH,20397,OH,N581NN,5072,15412,1541205,TYS,11057,1105703,CLT,717,0,0700-0759,829,0,0,0,177
1,2,OH,20397,OH,N505AE,5073,11003,1100303,CID,11057,1105703,CLT,1201,0,1200-1259,1531,1,0,0,742
1,2,OH,20397,OH,N505AE,5073,11057,1105703,CLT,11003,1100303,CID,948,0,0900-0959,1124,0,0,0,742
1,2,OH,20397,OH,N216PS,5074,14321,1432105,PWM,11278,1127805,DCA,1346,0,1400-1459,1537,0,0,0,482
1,2,OH,20397,OH,N596NN,5077,12451,1245102,JAX,11057,1105703,CLT,1031,0,1000-1059,1156,0,0,0,328
1,2,OH,20397,OH,N506AE,5078,14100,1410005,PHL,10599,1059904,BHM,1816,0,1800-1859,1940,0,0,0,772
1,2,OH,20397,OH,N501BG,5080,12217,1221702,HSV,11057,1105703,CLT,550,0,0001-0559,813,0,0,0,333
1,2,OH,20397,OH,N555NN,5081,11057,1105703,CLT,13198,1319801,MCI,1606,0,1600-1659,1757,0,0,0,808
1,2,OH,20397,OH,N555NN,5081,13198,1319801,MCI,11057,1105703,CLT,1828,0,1800-1859,2216,1,0,0,808
1,2,OH,20397,OH,N559NN,5082,14193,1419306,PNS,11278,1127805,DCA,601,0,0600-0659,849,0,0,0,816
1,2,OH,20397,OH,N209PS,5083,11057,1105703,CLT,11146,1114606,CRW,1202,0,1200-1259,1307,0,0,0,221
1,2,OH,20397,OH,N209PS,5083,11146,1114606,CRW,11057,1105703,CLT,1341,0,1300-1359,1440,0,0,0,221
1,2,OH,20397,OH,N718PS,5084,15412,1541205,TYS,11057,1105703,CLT,1047,0,1000-1059,1204,0,0,0,177
1,2,OH,20397,OH,N258PS,5085,10693,1069302,BNA,11278,1127805,DCA,1850,1,1800-1859,2144,1,0,0,562
1,2,OH,20397,OH,N258PS,5085,11278,1127805,DCA,10693,1069302,BNA,1707,0,1700-1759,1823,0,0,0,562
1,2,OH,20397,OH,N596NN,5086,10980,1098002,CHA,11057,1105703,CLT,1443,0,1400-1459,1545,0,0,0,241
1,2,OH,20397,OH,N596NN,5086,11057,1105703,CLT,10980,1098002,CHA,1313,1,1200-1259,1417,0,0,0,241
1,2,OH,20397,OH,N589NN,5087,10208,1020803,AGS,11057,1105703,CLT,701,0,0700-0759,751,0,0,0,140
1,2,OH,20397,OH,N513AE,5088,13931,1393102,ORF,14100,1410005,PHL,754,0,0700-0759,854,0,0,0,212
1,2,OH,20397,OH,N558NN,5091,11057,1105703,CLT,11193,1119302,CVG,1124,0,1100-1159,1255,0,0,0,335
1,2,OH,20397,OH,N558NN,5091,11193,1119302,CVG,11057,1105703,CLT,1335,0,1300-1359,1503,0,0,0,335
1,2,OH,20397,OH,N580NN,5092,11986,1198603,GRR,11057,1105703,CLT,621,0,0600-0659,819,0,0,0,583
1,2,OH,20397,OH,N246PS,5093,11057,1105703,CLT,13422,1342202,MOB,2113,1,2000-2059,2158,1,0,0,526
1,2,OH,20397,OH,N578NN,5094,10431,1043105,AVL,11057,1105703,CLT,1417,0,1400-1459,1535,0,0,0,91
1,2,OH,20397,OH,N578NN,5094,11057,1105703,CLT,10431,1043105,AVL,1302,0,1300-1359,1345,0,0,0,91
1,2,OH,20397,OH,N559NN,5095,11057,1105703,CLT,12264,1226402,IAD,1953,0,1900-1959,2055,0,0,0,322
1,2,OH,20397,OH,N250PS,5096,11278,1127805,DCA,14307,1430705,PVD,1345,1,1200-1259,1456,1,0,0,356
1,2,OH,20397,OH,N250PS,5096,14307,1430705,PVD,11278,1127805,DCA,1533,1,1400-1459,1702,1,0,0,356
1,2,OH,20397,OH,N710PS,5097,12197,1219702,HPN,11057,1105703,CLT,606,0,0600-0659,801,0,0,0,564
1,2,OH,20397,OH,N513AE,5098,11193,1119302,CVG,11057,1105703,CLT,2120,0,2100-2159,2301,0,0,0,335
1,2,OH,20397,OH,N508AE,5100,15323,1532305,TRI,11057,1105703,CLT,2140,0,2200-2259,2248,0,0,0,119
1,2,OH,20397,OH,N246PS,5101,10874,1087402,CAK,11278,1127805,DCA,1044,0,1000-1059,1143,0,0,0,274
1,2,OH,20397,OH,N540EA,5102,11057,1105703,CLT,12448,1244807,JAN,930,0,0900-0959,1025,0,0,0,562
1,2,OH,20397,OH,N540EA,5102,12448,1244807,JAN,11057,1105703,CLT,1157,1,1000-1059,1421,1,0,0,562
1,2,OH,20397,OH,N572NN,5103,11057,1105703,CLT,14193,1419306,PNS,1953,0,1900-1959,,,1,0,488
1,2,OH,20397,OH,N595NN,5104,11057,1105703,CLT,12451,1245102,JAX,2227,0,2200-2259,2346,0,0,0,328
1,2,OH,20397,OH,N564NN,5105,10135,1013505,ABE,11057,1105703,CLT,552,0,0600-0659,757,0,0,0,481
1,2,OH,20397,OH,N549NN,5106,10434,1043405,AVP,11057,1105703,CLT,1328,0,1300-1359,1521,0,0,0,509
1,2,OH,20397,OH,N549NN,5106,11057,1105703,CLT,10434,1043405,AVP,1117,0,1100-1159,1252,0,0,0,509
1,2,OH,20397,OH,N512AE,5107,11267,1126702,DAY,14100,1410005,PHL,1821,0,1800-1859,1955,0,0,0,477
1,2,OH,20397,OH,N512AE,5107,14100,1410005,PHL,11267,1126702,DAY,1543,0,1500-1559,1730,0,0,0,477
1,2,OH,20397,OH,N547NN,5108,11057,1105703,CLT,13230,1323002,MDT,1747,0,1700-1759,1906,0,0,0,413
1,2,OH,20397,OH,N547NN,5108,13230,1323002,MDT,11057,1105703,CLT,1949,0,1900-1959,2128,0,0,0,413
1,2,OH,20397,OH,N592NN,5113,11057,1105703,CLT,13577,1357702,MYR,1103,0,1100-1159,1153,0,0,0,157
1,2,OH,20397,OH,N592NN,5113,13577,1357702,MYR,14100,1410005,PHL,1234,0,1200-1259,1354,0,0,0,473
1,2,OH,20397,OH,N515AE,5114,11057,1105703,CLT,11973,1197302,GPT,1450,0,1400-1459,1544,0,0,0,577
1,2,OH,20397,OH,N515AE,5114,11973,1197302,GPT,11057,1105703,CLT,1629,0,1600-1659,1909,0,0,0,577
1,2,OH,20397,OH,N723PS,5116,10208,1020803,AGS,11057,1105703,CLT,1818,0,1800-1859,1920,0,0,0,140
1,2,OH,20397,OH,N723PS,5116,11057,1105703,CLT,10208,1020803,AGS,1643,0,1600-1659,1743,0,0,0,140
1,2,OH,20397,OH,N206PS,5117,11057,1105703,CLT,11612,1161206,EVV,954,0,1000-1059,1035,0,0,0,414
1,2,OH,20397,OH,N206PS,5117,11612,1161206,EVV,11057,1105703,CLT,1111,0,1100-1159,1345,0,0,0,414
1,2,OH,20397,OH,N260JS,5120,14100,1410005,PHL,10874,1087402,CAK,1807,0,1800-1859,1946,0,0,0,335
1,2,OH,20397,OH,N572NN,5121,10868,1086803,CAE,11057,1105703,CLT,715,0,0700-0759,830,0,0,0,88
1,2,OH,20397,OH,N249PS,5122,10868,1086803,CAE,11278,1127805,DCA,857,0,0900-0959,1008,0,0,0,408
1,2,OH,20397,OH,N537EA,5123,11641,1164102,FAY,11057,1105703,CLT,1234,0,1200-1259,1336,0,0,0,118
1,2,OH,20397,OH,N545PB,5124,13931,1393102,ORF,14100,1410005,PHL,1716,0,1700-1759,1815,0,0,0,212
1,2,OH,20397,OH,N545PB,5124,14100,1410005,PHL,13931,1393102,ORF,1529,0,1500-1559,1625,0,0,0,212
1,2,OH,20397,OH,N594NN,5125,11057,1105703,CLT,12323,1232305,ILM,1428,0,1400-1459,1524,0,0,0,185
1,2,OH,20397,OH,N594NN,5125,12323,1232305,ILM,11057,1105703,CLT,1555,0,1600-1659,1720,0,0,0,185
1,2,OH,20397,OH,N256PS,5128,11278,1127805,DCA,12197,1219702,HPN,1659,0,1700-1759,1804,0,0,0,234
1,2,OH,20397,OH,N256PS,5128,12197,1219702,HPN,11057,1105703,CLT,1850,0,1800-1859,2050,0,0,0,564
1,2,OH,20397,OH,N600NN,5129,10785,1078502,BTV,11278,1127805,DCA,1703,0,1700-1759,1856,0,0,0,437